timestamp,temperature,humidity,rain_value,source
2026-08-29T09:43:09.005682,29.6,74.7,0,ESP32
2026-08-29T09:43:14.211035,29.6,74.6,0,ESP32
2026-08-29T09:43:19.340337,29.7,74.6,0,ESP32
2026-08-29T09:43:24.498589,29.7,74.5,0,ESP32
2026-08-29T09:43:29.619256,29.7,74.7,0,ESP32
2026-08-29T09:43:34.781259,29.7,74.3,0,ESP32
2026-08-29T09:43:39.942193,29.7,74.5,0,ESP32
2026-08-29T09:43:45.102809,29.7,74.3,0,ESP32
2026-08-29T09:43:50.307638,29.8,74.2,0,ESP32
2026-08-29T09:43:55.441164,29.8,74.2,0,ESP32
2026-08-29T09:44:00.626434,29.8,74.2,0,ESP32
2026-08-29T09:44:05.794651,29.8,74.1,0,ESP32
2026-08-29T09:44:10.930164,29.8,74.1,0,ESP32
2026-08-29T09:44:16.109635,29.8,74.2,0,ESP32
2026-08-29T09:44:21.479929,29.8,74.1,0,ESP32
2026-08-29T09:44:26.604747,29.8,74.1,0,ESP32
2026-08-29T09:44:31.797914,29.8,73.9,0,ESP32
2026-08-29T09:44:36.958803,29.8,74.0,0,ESP32
2026-08-29T09:44:42.120216,29.8,73.8,0,ESP32
2026-08-29T09:44:47.321778,29.9,73.9,0,ESP32
2026-08-29T09:44:52.482912,29.9,73.8,0,ESP32
2026-08-29T09:44:57.683394,29.9,73.6,0,ESP32
2026-08-29T09:45:02.813154,29.9,73.5,0,ESP32
2026-08-29T09:45:07.938254,29.9,73.8,0,ESP32
2026-08-29T09:45:13.066884,29.9,73.5,0,ESP32
2026-08-29T09:45:18.246830,29.9,73.8,0,ESP32
2026-08-29T09:45:23.408296,29.9,73.5,0,ESP32
2026-08-29T09:45:28.612464,30.0,73.6,0,ESP32
2026-08-29T09:45:33.738363,30.0,73.4,0,ESP32
2026-08-29T09:45:38.931933,30.0,73.3,0,ESP32
2026-08-29T09:45:44.094552,30.0,73.4,0,ESP32
2026-08-29T09:45:49.261415,30.0,73.2,0,ESP32
2026-08-29T09:45:54.397932,30.0,73.1,0,ESP32
2026-08-29T09:46:00.749138,30.0,73.2,0,ESP32
2026-08-29T09:46:05.966147,30.0,73.1,0,ESP32
2026-08-29T09:46:11.166718,30.0,73.0,0,ESP32
2026-08-29T09:46:16.328691,30.0,73.3,0,ESP32
2026-08-29T09:46:21.461642,30.0,73.0,0,ESP32
2026-08-29T09:46:26.591164,30.0,73.1,0,ESP32
2026-08-29T09:46:31.718605,30.0,73.0,0,ESP32
2026-08-29T09:46:36.852542,30.0,73.1,0,ESP32
2026-08-29T09:46:42.052297,30.0,73.0,0,ESP32
2026-08-29T09:46:47.179903,30.0,73.1,0,ESP32
2026-08-29T09:46:52.373636,29.9,73.2,0,ESP32
2026-08-29T09:46:57.517265,29.9,73.2,0,ESP32
2026-08-29T09:47:02.644190,29.9,73.2,0,ESP32
2026-08-29T09:47:07.795978,29.9,73.4,0,ESP32
2026-08-29T09:47:12.979470,29.9,73.5,0,ESP32
2026-08-29T09:47:18.185424,29.9,73.4,0,ESP32
2026-08-29T09:47:23.331779,29.9,73.4,0,ESP32
2026-08-29T09:47:28.541771,29.9,73.4,0,ESP32
2026-08-29T09:47:33.665752,29.9,73.4,0,ESP32
2026-08-29T09:47:38.863902,29.9,73.6,0,ESP32
2026-08-29T09:47:43.990056,29.9,73.2,0,ESP32
2026-08-29T09:47:49.191247,29.9,73.4,0,ESP32
2026-08-29T09:47:54.395736,29.9,73.6,0,ESP32
2026-08-29T09:47:59.531960,29.9,73.3,0,ESP32
2026-08-29T09:48:04.711649,29.9,73.6,0,ESP32
2026-08-29T09:48:09.841337,29.9,73.2,0,ESP32
2026-08-29T09:48:15.030244,29.8,73.5,0,ESP32
2026-08-29T09:48:20.152921,29.9,73.6,0,ESP32
2026-08-29T09:48:25.311477,29.9,73.5,0,ESP32
2026-08-29T09:48:30.518336,29.9,73.6,0,ESP32
2026-08-29T09:48:35.648666,29.9,73.5,0,ESP32
2026-08-29T09:48:40.836913,29.9,73.6,0,ESP32
2026-08-29T09:48:45.997764,29.9,73.4,0,ESP32
2026-08-29T09:48:51.192854,29.9,73.7,0,ESP32
2026-08-29T09:48:56.587425,29.9,73.5,0,ESP32
2026-08-29T09:49:01.719476,29.9,73.6,0,ESP32
2026-08-29T09:49:06.889538,29.9,73.5,0,ESP32
2026-08-29T09:49:12.044085,29.9,73.6,0,ESP32
2026-08-29T09:49:17.209625,29.9,73.5,0,ESP32
2026-08-29T09:49:22.351581,29.9,73.6,0,ESP32
2026-08-29T09:49:27.531646,30.0,73.6,0,ESP32
2026-08-29T09:49:32.734611,30.0,73.4,0,ESP32
2026-08-29T09:49:37.859904,30.0,73.5,0,ESP32
2026-08-29T09:49:43.054901,30.0,73.4,0,ESP32
2026-08-29T09:49:48.187444,30.0,73.4,0,ESP32
2026-08-29T09:49:53.377821,30.0,73.3,0,ESP32
2026-08-29T09:49:58.515617,30.2,73.1,0,ESP32
2026-08-29T09:50:03.646941,30.2,72.7,0,ESP32
2026-08-29T09:50:08.773898,30.2,73.0,0,ESP32
2026-08-29T09:50:13.905286,30.2,73.0,0,ESP32
2026-08-29T09:50:19.037062,30.2,72.9,0,ESP32
2026-08-29T09:50:24.222727,30.2,72.7,0,ESP32
2026-08-29T09:50:29.422699,30.2,72.5,0,ESP32
2026-08-29T09:50:34.624485,30.3,72.5,0,ESP32
2026-08-29T09:50:39.826694,30.3,72.3,0,ESP32
2026-08-29T09:50:45.029455,30.3,72.2,0,ESP32
2026-08-29T09:50:50.313474,30.3,72.2,0,ESP32
2026-08-29T09:50:55.473456,30.4,72.0,0,ESP32
2026-08-29T09:51:00.675260,30.4,71.9,0,ESP32
2026-08-29T09:51:05.836759,30.4,71.9,0,ESP32
2026-08-29T09:51:11.039169,30.4,71.8,0,ESP32
2026-08-29T09:51:16.166185,30.5,71.6,0,ESP32
2026-08-29T09:51:21.366961,30.5,71.6,0,ESP32
2026-08-29T09:51:26.493510,30.5,71.5,0,ESP32
2026-08-29T09:51:31.723950,30.5,71.4,0,ESP32
2026-08-29T09:51:36.884400,30.5,71.4,0,ESP32
2026-08-29T09:51:42.044713,30.5,71.2,0,ESP32
2026-08-29T09:51:47.178628,30.5,71.1,0,ESP32
2026-08-29T09:51:52.367002,30.5,71.0,0,ESP32
2026-08-29T09:51:57.529050,30.5,71.0,0,ESP32
2026-08-29T09:52:02.689188,30.5,70.8,0,ESP32
2026-08-29T09:52:07.891852,30.5,70.9,0,ESP32
2026-08-29T09:52:13.029700,30.5,70.8,0,ESP32
2026-08-29T09:52:18.155987,30.5,70.8,0,ESP32
2026-08-29T09:52:23.290135,30.5,70.7,0,ESP32
2026-08-29T09:52:28.454095,30.5,70.7,0,ESP32
2026-08-29T09:52:33.663326,30.5,70.7,0,ESP32
2026-08-29T09:52:38.863396,30.5,70.6,0,ESP32
2026-08-29T09:52:44.088225,30.5,70.6,0,ESP32
2026-08-29T09:52:49.241664,30.5,70.8,0,ESP32
2026-08-29T09:52:54.429269,30.5,70.5,0,ESP32
2026-08-29T09:52:59.608298,30.5,70.6,0,ESP32
2026-08-29T09:53:04.864871,30.5,70.7,0,ESP32
2026-08-29T09:53:10.017049,30.5,70.6,0,ESP32
2026-08-29T09:53:15.148021,30.5,70.8,0,ESP32
2026-08-29T09:53:20.275016,30.5,70.7,0,ESP32
2026-08-29T09:53:25.403890,30.5,70.6,0,ESP32
2026-08-29T09:53:30.616348,30.4,70.8,0,ESP32
2026-08-29T09:53:35.792469,30.4,70.8,0,ESP32
2026-08-29T09:53:40.992904,30.5,70.7,0,ESP32
2026-08-29T09:53:46.194407,30.4,70.8,0,ESP32
2026-08-29T09:53:51.357561,30.4,70.8,0,ESP32
2026-08-29T09:53:56.532335,30.4,70.8,0,ESP32
2026-08-29T09:54:01.826899,30.4,70.8,0,ESP32
2026-08-29T09:54:06.964024,30.4,70.9,0,ESP32
2026-08-29T09:54:12.164882,30.4,70.8,0,ESP32
2026-08-29T09:54:17.289460,30.5,70.8,0,ESP32
2026-08-29T09:54:22.425799,30.4,70.9,0,ESP32
2026-08-29T09:54:27.650450,30.4,71.0,0,ESP32
2026-08-29T09:54:32.849934,30.4,71.0,0,ESP32
2026-08-29T09:54:38.009611,30.4,71.1,0,ESP32
2026-08-29T09:54:43.195083,30.3,71.1,0,ESP32
2026-08-29T09:54:48.322124,30.4,71.1,0,ESP32
2026-08-29T09:54:53.493250,30.4,71.1,0,ESP32
2026-08-29T09:54:58.622678,30.4,71.1,0,ESP32
2026-08-29T09:55:03.752524,30.4,71.1,0,ESP32
2026-08-29T09:55:08.936883,30.4,71.1,0,ESP32
2026-08-29T09:55:14.068517,30.4,71.1,0,ESP32
2026-08-29T09:55:19.207802,30.4,71.0,0,ESP32
2026-08-29T09:55:24.385548,30.4,71.4,0,ESP32
2026-08-29T09:55:29.543017,30.5,66.9,0,ESP32
2026-08-29T09:55:34.803586,30.4,70.3,0,ESP32
2026-08-29T09:55:39.989562,30.4,70.9,0,ESP32
2026-08-29T09:55:45.186313,30.4,70.9,0,ESP32
2026-08-29T09:55:50.305602,30.4,70.9,0,ESP32
2026-08-29T09:55:55.462630,30.4,70.9,0,ESP32
2026-08-29T09:56:00.611945,30.4,70.9,0,ESP32
2026-08-29T09:56:05.790488,30.4,70.9,0,ESP32
2026-08-29T09:56:10.980939,30.4,70.8,0,ESP32
2026-08-29T09:56:16.241578,30.5,70.7,0,ESP32
2026-08-29T09:56:21.395748,30.4,70.8,0,ESP32
2026-08-29T09:56:26.659774,30.5,70.7,0,ESP32
2026-08-29T09:56:31.869545,30.4,70.7,0,ESP32
2026-08-29T09:56:37.088293,30.4,70.8,0,ESP32
2026-08-29T09:56:42.226724,30.4,70.7,0,ESP32
2026-08-29T09:56:47.515033,30.5,70.7,0,ESP32
2026-08-29T09:56:52.766433,30.4,70.5,0,ESP32
2026-08-29T09:56:57.976406,30.4,70.7,0,ESP32
2026-08-29T09:57:03.173749,30.4,70.8,0,ESP32
2026-08-29T09:57:08.305259,30.4,70.8,0,ESP32
2026-08-29T09:57:13.522576,30.4,70.8,0,ESP32
2026-08-29T09:57:18.657082,30.4,70.8,0,ESP32
2026-08-29T09:57:23.892171,30.4,70.8,0,ESP32
2026-08-29T09:57:29.081692,30.4,70.8,0,ESP32
2026-08-29T09:57:34.226107,30.4,70.8,0,ESP32
2026-08-29T09:57:39.405070,30.3,70.9,0,ESP32
2026-08-29T09:57:44.674053,30.4,70.9,0,ESP32
2026-08-29T09:57:49.820119,30.3,70.9,0,ESP32
2026-08-29T09:57:55.011744,30.3,71.0,0,ESP32
2026-08-29T09:58:00.202712,30.4,71.0,0,ESP32
2026-08-29T09:58:05.459912,30.3,70.8,0,ESP32
2026-08-29T09:58:10.658530,30.3,71.1,0,ESP32
2026-08-29T09:58:15.845590,30.3,71.1,0,ESP32
2026-08-29T09:58:21.020279,30.3,71.2,0,ESP32
2026-08-29T09:58:26.219245,30.3,71.2,0,ESP32
2026-08-29T09:58:31.588790,30.3,71.2,0,ESP32
2026-08-29T09:58:36.810576,30.2,71.4,0,ESP32
2026-08-29T09:58:42.059166,30.2,71.5,0,ESP32
2026-08-29T09:58:47.258714,30.2,71.5,0,ESP32
2026-08-29T09:58:52.501660,30.2,71.5,0,ESP32
2026-08-29T09:59:01.088396,30.2,71.6,0,ESP32
2026-08-29T09:59:06.260496,30.2,71.4,0,ESP32
2026-08-29T09:59:11.740259,30.2,71.8,0,ESP32
2026-08-29T09:59:20.024703,30.2,71.8,0,ESP32
2026-08-29T09:59:25.221550,30.2,71.6,0,ESP32
2026-08-29T09:59:30.352720,30.2,70.7,0,ESP32
2026-08-29T09:59:45.670838,30.2,71.7,0,ESP32
2026-08-29T09:59:57.605803,30.2,71.8,0,ESP32
2026-08-29T10:00:13.067687,30.2,71.8,0,ESP32
2026-08-29T10:00:18.227567,30.1,71.8,0,ESP32
2026-08-29T10:00:23.387181,30.2,72.1,0,ESP32
2026-08-29T10:00:28.518888,30.0,66.0,0,ESP32
2026-08-29T10:00:33.709608,30.2,71.0,0,ESP32
2026-08-29T10:00:38.931918,30.2,71.8,0,ESP32
2026-08-29T10:00:44.199479,30.2,71.8,0,ESP32
2026-08-29T10:00:49.395570,30.1,71.8,0,ESP32
2026-08-29T10:00:54.518163,30.1,72.0,0,ESP32
2026-08-29T10:01:00.009880,30.0,72.0,0,ESP32
2026-08-29T10:01:05.166826,30.0,72.1,0,ESP32
2026-08-29T10:01:10.334462,30.0,72.1,0,ESP32
2026-08-29T10:01:15.529477,30.0,72.2,0,ESP32
2026-08-29T10:01:23.924069,30.0,72.3,0,ESP32
2026-08-29T10:01:29.050255,30.0,72.3,0,ESP32
2026-08-29T10:01:34.248615,30.0,72.5,0,ESP32
2026-08-29T10:01:39.409808,29.9,72.6,0,ESP32
2026-08-29T10:01:44.527592,30.0,72.6,0,ESP32
2026-08-29T10:01:50.184199,30.0,72.7,0,ESP32
2026-08-29T10:01:55.302079,30.0,72.7,0,ESP32
2026-08-29T10:02:00.432475,29.9,72.8,0,ESP32
2026-08-29T10:02:05.625454,29.9,72.9,0,ESP32
2026-08-29T10:02:10.785476,29.9,73.4,0,ESP32
2026-08-29T10:02:15.902731,29.9,73.0,0,ESP32
2026-08-29T10:02:21.027556,29.9,73.0,0,ESP32
2026-08-29T10:02:26.161170,29.9,73.0,0,ESP32
2026-08-29T10:03:00.224368,29.8,68.8,0,ESP32
2026-08-29T10:03:05.386356,30.1,72.6,0,ESP32
2026-08-29T10:03:10.548808,30.2,73.0,0,ESP32
2026-08-29T10:03:15.723477,30.0,73.1,0,ESP32
2026-08-29T10:03:20.909333,29.9,73.3,0,ESP32
2026-08-29T10:03:26.042281,29.9,73.4,0,ESP32
2026-08-29T10:03:31.172309,29.9,73.5,0,ESP32
2026-08-29T10:03:36.299626,29.9,73.7,0,ESP32
2026-08-29T10:03:41.427611,29.9,73.6,0,ESP32
2026-08-29T10:03:46.632614,29.9,73.6,0,ESP32
2026-08-29T10:03:51.771727,29.8,73.6,0,ESP32
2026-08-29T10:03:56.904479,29.9,73.7,0,ESP32
2026-08-29T10:04:02.073643,29.9,73.7,0,ESP32
2026-08-29T10:04:07.233974,29.9,73.8,0,ESP32
2026-08-29T10:04:12.352876,29.8,73.7,0,ESP32
2026-08-29T10:04:17.516161,29.9,73.8,0,ESP32
2026-08-29T10:04:22.637448,29.8,73.8,0,ESP32
2026-08-29T10:04:27.838096,29.9,73.9,0,ESP32
2026-08-29T10:04:43.033051,29.8,69.1,0,ESP32
2026-08-29T10:04:53.175918,30.1,73.7,0,ESP32
2026-08-29T10:04:58.307891,29.9,73.6,0,ESP32
2026-08-29T10:05:03.474246,30.1,73.6,0,ESP32
2026-08-29T10:05:08.634375,29.8,73.8,0,ESP32
2026-08-29T10:05:13.754220,29.8,73.8,0,ESP32
2026-08-29T10:05:18.956520,29.8,73.7,0,ESP32
2026-08-29T10:05:24.117621,29.8,73.6,0,ESP32
2026-08-29T10:05:29.234837,29.9,73.6,0,ESP32
2026-08-29T10:05:34.360163,29.9,73.5,0,ESP32
2026-08-29T10:05:39.483978,29.9,73.7,0,ESP32
2026-08-29T10:05:44.680036,29.9,73.3,0,ESP32
2026-08-29T10:05:49.840493,29.9,73.5,0,ESP32
2026-08-29T10:05:54.959808,29.9,73.4,0,ESP32
2026-08-29T10:06:00.088364,29.9,73.3,0,ESP32
2026-08-29T10:06:05.282655,30.0,73.2,0,ESP32
2026-08-29T10:06:10.443474,29.9,73.3,0,ESP32
2026-08-29T10:06:15.605035,30.0,73.1,0,ESP32
2026-08-29T10:06:20.806742,30.1,73.1,0,ESP32
2026-08-29T10:06:25.942897,30.0,73.0,0,ESP32
2026-08-29T10:06:31.127269,30.1,72.9,0,ESP32
2026-08-29T10:06:36.289978,30.2,72.9,0,ESP32
2026-08-29T10:06:41.417947,30.2,72.8,0,ESP32
2026-08-29T10:06:46.548941,30.3,72.6,0,ESP32
2026-08-29T10:06:51.731013,30.3,72.5,0,ESP32
2026-08-29T10:06:56.853690,30.4,72.3,0,ESP32
2026-08-29T10:07:02.053420,30.5,72.0,0,ESP32
2026-08-29T10:07:07.189095,30.5,71.8,0,ESP32
2026-08-29T10:07:12.320279,30.5,71.6,0,ESP32
2026-08-29T10:07:17.447348,30.6,71.4,0,ESP32
2026-08-29T10:07:22.577108,30.7,71.2,0,ESP32
2026-08-29T10:07:27.755641,30.7,71.2,0,ESP32
2026-08-29T10:07:32.887652,30.8,70.7,0,ESP32
2026-08-29T10:07:43.095444,31.5,70.8,0,ESP32
2026-08-29T10:07:48.257152,31.0,70.0,0,ESP32
2026-08-29T10:07:53.382706,31.0,69.8,0,ESP32
2026-08-29T10:07:58.536665,31.2,69.5,0,ESP32
2026-08-29T10:08:03.663403,31.2,69.4,0,ESP32
2026-08-29T10:08:08.859524,31.2,69.1,0,ESP32
2026-08-29T10:08:14.020660,31.3,68.7,0,ESP32
2026-08-29T10:08:21.588629,31.3,68.5,0,ESP32
2026-08-29T10:08:26.759086,31.3,68.4,0,ESP32
2026-08-29T10:08:31.888208,31.4,68.1,0,ESP32
2026-08-29T10:08:37.081798,31.4,68.0,0,ESP32
2026-08-29T10:08:42.262752,31.4,67.7,0,ESP32
2026-08-29T10:08:47.393705,31.5,67.3,0,ESP32
2026-08-29T10:08:52.562942,31.5,67.1,0,ESP32
2026-08-29T10:09:06.366671,31.6,63.4,0,ESP32
2026-08-29T10:09:11.523951,31.7,66.4,0,ESP32
2026-08-29T10:09:16.664497,31.6,66.6,0,ESP32
2026-08-29T10:09:21.849535,31.6,66.6,0,ESP32
2026-08-29T10:09:27.010184,31.6,66.3,0,ESP32
2026-08-29T10:09:32.124259,31.6,66.3,0,ESP32
2026-08-29T10:09:37.291373,31.6,66.3,0,ESP32
2026-08-29T10:09:42.451030,31.6,66.2,0,ESP32
2026-08-29T10:09:47.640398,31.6,66.3,0,ESP32
2026-08-29T10:09:52.816778,31.6,66.2,0,ESP32
2026-08-29T10:09:57.941028,31.6,66.3,0,ESP32
2026-08-29T10:10:03.138482,31.5,66.3,0,ESP32
2026-08-29T10:10:08.299678,31.6,66.3,0,ESP32
2026-08-29T10:10:13.460351,31.5,66.3,0,ESP32
2026-08-29T10:10:18.584897,31.5,66.4,0,ESP32
2026-08-29T10:10:23.720441,31.5,66.4,0,ESP32
2026-08-29T10:10:28.902596,31.5,66.4,0,ESP32
2026-08-29T10:10:34.024206,31.5,66.4,0,ESP32
2026-08-29T10:10:39.183688,31.5,66.4,0,ESP32
2026-08-29T10:10:44.344726,31.5,66.4,0,ESP32
2026-08-29T10:10:49.504644,31.6,66.4,0,ESP32
2026-08-29T10:10:54.666501,31.6,66.3,0,ESP32
2026-08-29T10:10:59.828286,31.6,66.3,0,ESP32
2026-08-29T10:11:04.953559,31.6,66.3,0,ESP32
2026-08-29T10:11:10.149095,31.6,66.2,0,ESP32
2026-08-29T10:11:15.311624,31.6,66.1,0,ESP32
2026-08-29T10:11:20.443919,31.5,66.2,0,ESP32
2026-08-29T10:11:25.572107,31.5,66.3,0,ESP32
2026-08-29T10:11:30.752349,31.4,66.5,0,ESP32
2026-08-29T10:11:35.884394,31.4,66.6,0,ESP32
2026-08-29T10:11:42.188476,31.3,66.7,0,ESP32
2026-08-29T10:11:50.905485,31.3,63.2,0,ESP32
2026-08-29T10:11:56.105872,31.3,63.5,0,ESP32
2026-08-29T10:12:06.470139,30.9,64.3,0,ESP32
2026-08-29T10:12:11.672111,31.2,67.5,0,ESP32
2026-08-29T10:12:16.807257,31.1,67.8,0,ESP32
2026-08-29T10:12:22.011106,31.0,68.1,0,ESP32
2026-08-29T10:12:27.156050,31.0,68.3,0,ESP32
2026-08-29T10:12:32.357261,30.9,68.6,0,ESP32
2026-08-29T10:12:44.534377,30.8,65.4,0,ESP32
2026-08-29T10:12:49.734634,30.8,68.7,0,ESP32
2026-08-29T10:12:54.936057,30.7,69.4,0,ESP32
2026-08-29T10:13:00.058055,30.7,69.6,0,ESP32
2026-08-29T10:13:05.189835,30.6,66.7,0,ESP32
2026-08-29T10:13:18.989788,-21.0,90.3,0,ESP32
2026-08-29T10:13:24.171354,30.5,70.3,0,ESP32
2026-08-29T10:13:29.373477,30.5,70.4,0,ESP32
2026-08-29T10:13:57.574773,32.2,69.9,0,ESP32
2026-08-29T10:14:07.793950,30.6,70.6,0,ESP32
2026-08-29T10:14:12.918851,30.5,70.7,0,ESP32
2026-08-29T10:14:18.115469,30.5,70.7,0,ESP32
2026-08-29T10:14:23.234287,30.4,70.8,0,ESP32
2026-08-29T10:14:28.437308,30.4,70.8,0,ESP32
2026-08-29T10:14:33.598594,30.4,71.0,0,ESP32
2026-08-29T10:14:38.719709,30.5,70.8,0,ESP32
2026-08-29T10:14:43.839688,30.5,70.8,0,ESP32
2026-08-29T10:14:48.999399,30.5,70.8,0,ESP32
2026-08-29T10:14:54.160426,30.5,70.8,0,ESP32
2026-08-29T10:14:59.362140,30.5,70.8,0,ESP32
2026-08-29T10:15:04.490324,30.5,70.7,0,ESP32
2026-08-29T10:15:09.663780,30.5,70.7,0,ESP32
2026-08-29T10:15:14.784081,30.9,70.5,0,ESP32
2026-08-29T10:15:19.915878,30.5,70.7,0,ESP32
2026-08-29T10:15:25.085158,30.6,70.5,0,ESP32
2026-08-29T10:15:30.211693,30.6,70.6,0,ESP32
2026-08-29T10:15:35.407473,30.5,70.5,0,ESP32
2026-08-29T10:15:40.524888,30.6,70.4,0,ESP32
2026-08-29T10:15:45.729123,30.6,70.3,0,ESP32
2026-08-29T10:15:50.890366,30.7,70.3,0,ESP32
2026-08-29T10:15:56.017956,30.7,70.2,0,ESP32
2026-08-29T10:16:01.156223,30.7,70.2,0,ESP32
2026-08-29T10:16:06.332140,30.7,70.0,0,ESP32
2026-08-29T10:16:11.533868,30.7,70.0,0,ESP32
2026-08-29T10:16:16.695656,30.7,69.8,0,ESP32
2026-08-29T10:16:21.897341,30.7,69.8,0,ESP32
2026-08-29T10:16:27.063594,30.7,69.7,0,ESP32
2026-08-29T10:16:32.258332,30.8,69.7,0,ESP32
2026-08-29T10:16:37.390620,30.8,69.6,0,ESP32
2026-08-29T10:16:42.580589,30.8,69.6,0,ESP32
2026-08-29T10:16:47.742827,30.8,69.6,0,ESP32
2026-08-29T10:16:52.944619,30.8,69.5,0,ESP32
2026-08-29T10:16:58.072534,30.8,69.5,0,ESP32
2026-08-29T10:17:03.202640,30.8,69.4,0,ESP32
2026-08-29T10:17:08.387551,30.8,69.5,0,ESP32
2026-08-29T10:17:13.588601,30.8,69.5,0,ESP32
2026-08-29T10:17:18.749705,30.8,69.6,0,ESP32
2026-08-29T10:17:23.910868,30.7,69.6,0,ESP32
2026-08-29T10:17:29.072053,30.8,69.6,0,ESP32
2026-08-29T10:17:34.251688,30.7,69.6,0,ESP32
2026-08-29T10:17:39.435311,30.7,69.6,0,ESP32
2026-08-29T10:17:44.595485,30.7,69.6,0,ESP32
2026-08-29T10:17:49.797488,30.7,69.5,0,ESP32
2026-08-29T10:17:54.958653,30.5,69.5,0,ESP32
2026-08-29T10:18:00.089318,30.7,69.7,0,ESP32
2026-08-29T10:18:05.278864,30.7,69.7,0,ESP32
2026-08-29T10:18:10.396335,30.7,69.8,0,ESP32
2026-08-29T10:18:15.602343,30.7,69.9,0,ESP32
2026-08-29T10:18:20.767550,30.7,70.0,0,ESP32
2026-08-29T10:18:25.954199,30.7,70.0,0,ESP32
2026-08-29T10:18:31.125155,30.7,70.0,0,ESP32
2026-08-29T10:18:36.255578,30.7,70.0,0,ESP32
2026-08-29T10:18:41.387866,30.7,70.0,0,ESP32
2026-08-29T10:18:46.515508,30.7,70.0,0,ESP32
2026-08-29T10:18:51.688763,30.7,70.0,0,ESP32
2026-08-29T10:18:56.848550,30.7,70.0,0,ESP32
2026-08-29T10:19:02.010064,30.7,70.0,0,ESP32
2026-08-29T10:19:07.172347,30.7,70.0,0,ESP32
2026-08-29T10:19:12.373065,30.6,70.1,0,ESP32
2026-08-29T10:19:17.534266,30.7,70.1,0,ESP32
2026-08-29T10:19:22.651507,30.6,70.0,0,ESP32
2026-08-29T10:19:27.816763,30.7,70.1,0,ESP32
2026-08-29T10:19:32.977446,30.6,70.2,0,ESP32
2026-08-29T10:19:38.102147,30.7,70.1,0,ESP32
2026-08-29T10:19:43.298218,30.7,70.1,0,ESP32
2026-08-29T10:19:48.498311,30.7,70.0,0,ESP32
2026-08-29T10:19:53.631847,30.7,70.0,0,ESP32
2026-08-29T10:19:58.821977,30.7,70.0,0,ESP32
2026-08-29T10:20:03.963262,30.7,69.9,0,ESP32
2026-08-29T10:20:09.144845,30.7,70.0,0,ESP32
2026-08-29T10:20:14.262538,30.7,70.0,0,ESP32
2026-08-29T10:20:19.425381,30.7,70.0,0,ESP32
2026-08-29T10:20:24.586262,30.7,69.9,0,ESP32
2026-08-29T10:20:29.713689,30.7,69.9,0,ESP32
2026-08-29T10:20:34.907738,30.6,70.0,0,ESP32
2026-08-29T10:20:40.077019,30.6,70.0,0,ESP32
2026-08-29T10:20:45.270645,30.7,70.2,0,ESP32
2026-08-29T10:20:50.431401,30.6,70.1,0,ESP32
2026-08-29T10:20:55.621142,30.6,70.2,0,ESP32
2026-08-29T10:21:00.794373,30.6,70.2,0,ESP32
2026-08-29T10:21:05.955662,30.6,70.2,0,ESP32
2026-08-29T10:21:11.116968,30.6,70.3,0,ESP32
2026-08-29T10:21:16.279673,30.5,70.3,0,ESP32
2026-08-29T10:21:21.438804,30.5,70.4,0,ESP32
2026-08-29T10:21:26.572449,30.5,70.3,0,ESP32
2026-08-29T10:21:31.752233,30.5,70.4,0,ESP32
2026-08-29T10:21:36.921364,30.5,70.5,0,ESP32
2026-08-29T10:21:42.048755,30.5,70.6,0,ESP32
2026-08-29T10:21:47.195642,30.5,70.8,0,ESP32
2026-08-29T10:21:52.363636,30.5,70.7,0,ESP32
2026-08-29T10:21:57.543549,30.5,70.6,0,ESP32
2026-08-29T10:22:02.724946,30.5,70.7,0,ESP32
2026-08-29T10:22:07.841739,30.5,70.5,0,ESP32
2026-08-29T10:22:13.005855,30.5,70.6,0,ESP32
2026-08-29T10:22:18.208758,30.4,70.8,0,ESP32
2026-08-29T10:22:23.342231,30.4,70.7,0,ESP32
2026-08-29T10:22:28.531088,30.4,70.6,0,ESP32
2026-08-29T10:22:33.692985,30.3,70.8,0,ESP32
2026-08-29T10:22:38.843166,30.3,71.0,0,ESP32
2026-08-29T10:22:43.970813,30.3,71.1,0,ESP32
2026-08-29T10:22:49.134466,30.3,71.2,0,ESP32
2026-08-29T10:22:54.261887,30.3,71.3,0,ESP32
2026-08-29T10:22:59.392887,30.3,71.2,0,ESP32
2026-08-29T10:23:04.576187,30.3,71.3,0,ESP32
2026-08-29T10:23:09.696203,30.3,71.1,0,ESP32
2026-08-29T10:23:14.926655,30.4,71.2,0,ESP32
2026-08-29T10:23:20.049916,30.3,71.1,0,ESP32
2026-08-29T10:23:25.220074,30.4,71.1,0,ESP32
2026-08-29T10:23:30.381021,30.4,71.1,0,ESP32
2026-08-29T10:23:37.905454,30.4,71.1,0,ESP32
2026-08-29T10:23:43.079267,30.4,71.1,0,ESP32
2026-08-29T10:23:48.202402,30.4,71.1,0,ESP32
2026-08-29T10:23:53.334705,30.5,71.0,0,ESP32
2026-08-29T10:23:58.525556,30.5,71.0,0,ESP32
2026-08-29T10:24:03.722978,30.5,67.3,0,ESP32
2026-08-29T10:24:08.924509,30.5,70.3,0,ESP32
2026-08-29T10:24:14.086001,30.4,70.8,0,ESP32
2026-08-29T10:24:19.211325,30.5,70.7,0,ESP32
2026-08-29T10:24:24.407608,30.5,70.7,0,ESP32
2026-08-29T10:24:29.616278,30.4,70.7,0,ESP32
2026-08-29T10:24:34.810057,30.4,70.8,0,ESP32
2026-08-29T10:24:39.972465,30.4,70.7,0,ESP32
2026-08-29T10:24:45.134479,30.4,70.8,0,ESP32
2026-08-29T10:24:51.196409,30.4,70.9,0,ESP32
2026-08-29T10:24:56.356605,30.4,70.8,0,ESP32
2026-08-29T10:25:01.473220,30.4,70.9,0,ESP32
2026-08-29T10:25:06.637950,30.4,71.0,0,ESP32
2026-08-29T10:25:11.805028,30.4,71.1,0,ESP32
2026-08-29T10:25:16.931176,30.4,71.1,0,ESP32
2026-08-29T10:25:22.120400,30.4,71.1,0,ESP32
2026-08-29T10:25:27.251431,30.3,71.1,0,ESP32
2026-08-29T10:25:32.442192,30.3,71.2,0,ESP32
2026-08-29T10:25:37.603780,30.3,71.2,0,ESP32
2026-08-29T10:25:42.719248,30.3,71.3,0,ESP32
2026-08-29T10:25:47.850184,30.4,71.3,0,ESP32
2026-08-29T10:25:53.045539,30.3,71.4,0,ESP32
2026-08-29T10:25:58.247375,30.4,71.3,0,ESP32
2026-08-29T10:26:03.410861,30.4,71.3,0,ESP32
2026-08-29T10:26:08.610246,30.3,71.3,0,ESP32
2026-08-29T10:26:13.738038,30.3,71.2,0,ESP32
2026-08-29T10:26:18.870930,30.4,71.3,0,ESP32
2026-08-29T10:26:23.996706,30.4,71.2,0,ESP32
2026-08-29T10:26:29.172419,30.3,71.2,0,ESP32
2026-08-29T10:26:34.333067,30.4,71.3,0,ESP32
2026-08-29T10:26:39.537688,30.4,71.2,0,ESP32
2026-08-29T10:26:44.707103,30.4,71.3,0,ESP32
2026-08-29T10:26:49.856947,30.4,71.2,0,ESP32
2026-08-29T10:26:55.004549,30.3,71.2,0,ESP32
2026-08-29T10:27:00.130834,30.4,71.1,0,ESP32
2026-08-29T10:27:05.299638,30.4,71.1,0,ESP32
2026-08-29T10:27:10.463396,30.4,71.1,0,ESP32
2026-08-29T10:27:15.620266,30.4,71.1,0,ESP32
2026-08-29T10:27:20.782005,30.4,71.1,0,ESP32
2026-08-29T10:27:25.943964,30.4,71.1,0,ESP32
2026-08-29T10:27:31.104467,30.4,71.1,0,ESP32
2026-08-29T10:27:36.233728,30.4,71.0,0,ESP32
2026-08-29T10:27:41.425936,30.4,70.9,0,ESP32
2026-08-29T10:27:46.552320,30.4,71.1,0,ESP32
2026-08-29T10:27:51.711165,30.4,71.1,0,ESP32
2026-08-29T10:27:56.911620,30.4,71.1,0,ESP32
2026-08-29T10:28:02.071880,30.4,71.1,0,ESP32
2026-08-29T10:28:07.230755,30.4,71.1,0,ESP32
2026-08-29T10:28:12.390789,30.3,71.1,0,ESP32
2026-08-29T10:28:17.552796,30.3,71.1,0,ESP32
2026-08-29T10:28:22.673748,30.3,71.1,0,ESP32
2026-08-29T10:28:27.876060,30.3,71.1,0,ESP32
2026-08-29T10:28:33.002947,30.3,71.1,0,ESP32
2026-08-29T10:28:38.134952,30.3,71.2,0,ESP32
2026-08-29T10:28:43.726560,30.3,71.2,0,ESP32
2026-08-29T10:28:48.928201,30.3,71.3,0,ESP32
2026-08-29T10:28:54.053259,30.3,71.2,0,ESP32
2026-08-29T10:28:59.250344,30.3,71.3,0,ESP32
2026-08-29T10:29:04.450433,30.2,71.4,0,ESP32
2026-08-29T10:29:09.571381,30.3,71.3,0,ESP32
2026-08-29T10:29:14.699569,30.3,71.3,0,ESP32
2026-08-29T10:29:19.894168,30.3,71.3,0,ESP32
2026-08-29T10:29:25.054917,30.2,71.4,0,ESP32
2026-08-29T10:29:30.182090,30.2,71.5,0,ESP32
2026-08-29T10:29:35.351546,30.2,71.5,0,ESP32
2026-08-29T10:29:40.542823,30.2,71.5,0,ESP32
2026-08-29T10:29:45.739831,30.2,71.3,0,ESP32
2026-08-29T10:29:50.861671,30.2,71.5,0,ESP32
2026-08-29T10:29:55.990710,30.2,71.6,0,ESP32
2026-08-29T10:30:01.182270,30.2,71.6,0,ESP32
2026-08-29T10:30:06.384909,30.2,71.6,0,ESP32
2026-08-29T10:30:11.574384,30.2,71.8,0,ESP32
2026-08-29T10:30:16.746703,30.1,71.8,0,ESP32
2026-08-29T10:30:21.879234,30.1,72.0,0,ESP32
2026-08-29T10:30:27.073039,30.0,71.9,0,ESP32
2026-08-29T10:30:32.288585,30.0,72.0,0,ESP32
2026-08-29T10:30:37.471268,30.1,71.3,0,ESP32
2026-08-29T10:30:42.599871,30.0,72.1,0,ESP32
2026-08-29T10:30:47.724354,30.0,72.1,0,ESP32
2026-08-29T10:30:52.914484,30.0,72.2,0,ESP32
2026-08-29T10:30:58.035996,30.0,72.0,0,ESP32
2026-08-29T10:31:03.165157,30.0,72.3,0,ESP32
2026-08-29T10:31:08.301304,30.0,72.3,0,ESP32
2026-08-29T10:31:13.415984,30.0,72.3,0,ESP32
2026-08-29T10:31:18.546094,30.0,72.3,0,ESP32
2026-08-29T10:31:23.679511,30.0,72.3,0,ESP32
2026-08-29T10:31:28.878877,30.0,72.3,0,ESP32
2026-08-29T10:31:34.060948,30.0,72.4,0,ESP32
2026-08-29T10:31:39.191925,30.0,72.4,0,ESP32
2026-08-29T10:31:44.362609,30.0,72.3,0,ESP32
2026-08-29T10:31:49.567085,30.0,72.4,0,ESP32
2026-08-29T10:31:54.767239,30.0,72.4,0,ESP32
2026-08-29T10:31:59.965711,30.0,72.6,0,ESP32
2026-08-29T10:32:05.083454,29.9,72.6,0,ESP32
2026-08-29T10:32:10.217293,30.0,72.5,0,ESP32
2026-08-29T10:32:15.409290,30.0,72.5,0,ESP32
2026-08-29T10:32:20.532279,30.0,72.6,0,ESP32
2026-08-29T10:32:25.730155,30.0,72.6,0,ESP32
2026-08-29T10:32:30.930345,30.0,72.7,0,ESP32
2026-08-29T10:32:36.058169,30.0,72.7,0,ESP32
2026-08-29T10:32:41.253881,30.0,72.6,0,ESP32
2026-08-29T10:32:46.455701,30.0,72.7,0,ESP32
2026-08-29T10:32:51.624875,30.0,72.7,0,ESP32
2026-08-29T10:32:56.804257,30.0,72.7,0,ESP32
2026-08-29T10:33:01.937899,30.0,72.6,0,ESP32
2026-08-29T10:33:07.100107,30.0,72.5,0,ESP32
2026-08-29T10:33:12.301481,30.0,72.4,0,ESP32
2026-08-29T10:33:17.464338,30.0,72.4,0,ESP32
2026-08-29T10:33:22.664444,30.0,72.4,0,ESP32
2026-08-29T10:33:27.825326,30.0,72.4,0,ESP32
2026-08-29T10:33:33.027410,30.1,72.3,0,ESP32
2026-08-29T10:33:38.162536,30.0,72.2,0,ESP32
2026-08-29T10:33:43.356818,30.0,72.3,0,ESP32
2026-08-29T10:33:48.496921,30.0,72.3,0,ESP32
2026-08-29T10:33:53.622807,30.0,72.5,0,ESP32
2026-08-29T10:33:58.750026,30.0,72.3,0,ESP32
2026-08-29T10:34:03.941794,30.0,72.3,0,ESP32
2026-08-29T10:34:09.111726,30.0,72.4,0,ESP32
2026-08-29T10:34:14.246577,30.0,72.4,0,ESP32
2026-08-29T10:34:19.377253,30.0,72.5,0,ESP32
2026-08-29T10:34:24.509778,30.0,72.5,0,ESP32
2026-08-29T10:34:31.857971,30.0,72.6,0,ESP32
2026-08-29T10:34:37.089044,30.0,72.7,0,ESP32
2026-08-29T10:34:42.251530,30.0,72.6,0,ESP32
2026-08-29T10:34:47.380303,30.0,72.6,0,ESP32
2026-08-29T10:34:52.513792,30.0,72.7,0,ESP32
2026-08-29T10:34:57.691069,30.0,72.7,0,ESP32
2026-08-29T10:35:02.893901,30.0,72.7,0,ESP32
2026-08-29T10:35:08.095488,30.0,72.7,0,ESP32
2026-08-29T10:35:13.227186,30.0,72.6,0,ESP32
2026-08-29T10:35:18.417705,30.1,72.6,0,ESP32
2026-08-29T10:35:23.619605,30.1,72.6,0,ESP32
2026-08-29T10:35:28.881935,30.1,72.4,0,ESP32
2026-08-29T10:35:34.044519,30.2,72.4,0,ESP32
2026-08-29T10:35:39.225577,30.2,72.4,0,ESP32
2026-08-29T10:35:44.427405,30.2,72.2,0,ESP32
2026-08-29T10:35:49.588569,30.2,72.1,0,ESP32
2026-08-29T10:35:54.712263,30.2,72.0,0,ESP32
2026-08-29T10:35:59.853080,30.2,72.0,0,ESP32
2026-08-29T10:36:04.973973,30.1,72.0,0,ESP32
2026-08-29T10:36:10.108969,30.2,72.0,0,ESP32
2026-08-29T10:36:15.318285,30.2,72.0,0,ESP32
2026-08-29T10:36:20.454561,30.2,71.8,0,ESP32
2026-08-29T10:36:25.657031,30.2,72.0,0,ESP32
2026-08-29T10:36:30.819714,30.2,72.1,0,ESP32
2026-08-29T10:36:35.946003,30.2,72.1,0,ESP32
2026-08-29T10:36:41.082484,30.2,72.0,0,ESP32
2026-08-29T10:36:46.277214,30.2,72.0,0,ESP32
2026-08-29T10:36:51.479931,30.3,71.9,0,ESP32
2026-08-29T10:36:56.680877,30.3,72.1,0,ESP32
2026-08-29T10:37:01.807081,30.4,71.9,0,ESP32
2026-08-29T10:37:07.004114,30.4,71.7,0,ESP32
2026-08-29T10:37:12.203398,30.4,71.9,0,ESP32
2026-08-29T10:37:17.366073,30.4,72.1,0,ESP32
2026-08-29T10:37:22.526627,30.5,71.9,0,ESP32
2026-08-29T10:37:27.737393,30.5,71.9,0,ESP32
2026-08-29T10:37:32.864498,30.5,72.0,0,ESP32
2026-08-29T10:37:38.072095,30.5,71.6,0,ESP32
2026-08-29T10:37:43.210747,30.5,71.6,0,ESP32
2026-08-29T10:37:48.413231,30.6,71.6,0,ESP32
2026-08-29T10:37:53.654875,30.6,71.6,0,ESP32
2026-08-29T10:37:58.803500,30.6,71.6,0,ESP32
2026-08-29T10:38:03.929866,30.7,71.6,0,ESP32
2026-08-29T10:38:09.141376,30.7,71.4,0,ESP32
2026-08-29T10:38:14.266724,30.7,71.2,0,ESP32
2026-08-29T10:38:19.399394,30.7,71.0,0,ESP32
2026-08-29T10:38:24.667548,30.8,70.9,0,ESP32
2026-08-29T10:38:29.806815,30.8,70.8,0,ESP32
2026-08-29T10:38:34.941299,30.8,70.6,0,ESP32
2026-08-29T10:38:40.063985,30.9,70.7,0,ESP32
2026-08-29T10:38:45.196343,30.9,70.6,0,ESP32
2026-08-29T10:38:50.384823,30.9,70.5,0,ESP32
2026-08-29T10:38:55.547204,30.9,70.3,0,ESP32
2026-08-29T10:39:00.740909,30.9,70.2,0,ESP32
2026-08-29T10:39:05.882075,31.0,69.9,0,ESP32
2026-08-29T10:39:11.070638,31.0,69.6,0,ESP32
2026-08-29T10:39:16.212833,31.0,69.5,0,ESP32
2026-08-29T10:39:21.342268,31.1,69.3,0,ESP32
2026-08-29T10:39:26.474886,31.1,69.3,0,ESP32
2026-08-29T10:39:31.673786,31.1,69.2,0,ESP32
2026-08-29T10:39:36.802568,31.2,69.1,0,ESP32
2026-08-29T10:39:41.996208,31.2,69.0,0,ESP32
2026-08-29T10:39:47.121326,31.2,68.8,0,ESP32
2026-08-29T10:39:52.278578,31.2,68.8,0,ESP32
2026-08-29T10:39:57.408653,31.2,68.7,0,ESP32
2026-08-29T10:40:02.539669,31.2,68.8,0,ESP32
2026-08-29T10:40:07.668601,31.2,69.0,0,ESP32
2026-08-29T10:40:12.846900,31.3,68.9,0,ESP32
2026-08-29T10:40:18.044243,31.3,68.9,0,ESP32
2026-08-29T10:40:23.241679,31.3,68.8,0,ESP32
2026-08-29T10:40:28.444798,31.3,68.5,0,ESP32
2026-08-29T10:40:33.575191,31.3,68.4,0,ESP32
2026-08-29T10:40:38.766756,31.3,68.2,0,ESP32
2026-08-29T10:40:43.933172,31.4,68.0,0,ESP32
2026-08-29T10:40:49.063338,31.4,67.9,0,ESP32
2026-08-29T10:40:54.266161,31.4,67.8,0,ESP32
2026-08-29T10:40:59.403737,31.4,67.7,0,ESP32
2026-08-29T10:41:04.572499,31.4,67.5,0,ESP32
2026-08-29T10:41:09.773610,31.5,67.3,0,ESP32
2026-08-29T10:41:14.978254,31.5,67.2,0,ESP32
2026-08-29T10:41:20.103421,31.5,67.2,0,ESP32
2026-08-29T10:41:25.296766,31.5,67.2,0,ESP32
2026-08-29T10:41:30.456828,31.5,67.1,0,ESP32
2026-08-29T10:41:35.660485,31.5,66.9,0,ESP32
2026-08-29T10:41:40.862205,31.5,66.9,0,ESP32
2026-08-29T10:41:46.025282,31.5,66.8,0,ESP32
2026-08-29T10:41:51.184770,31.5,66.7,0,ESP32
2026-08-29T10:41:56.315058,31.5,66.6,0,ESP32
2026-08-29T10:42:01.467376,31.5,66.4,0,ESP32
2026-08-29T10:42:06.626065,31.6,66.5,0,ESP32
2026-08-29T10:42:11.788544,31.6,66.4,0,ESP32
2026-08-29T10:42:16.947805,31.6,66.3,0,ESP32
2026-08-29T10:42:22.149951,31.6,66.4,0,ESP32
2026-08-29T10:42:27.350632,31.6,66.5,0,ESP32
2026-08-29T10:42:32.554522,31.6,66.4,0,ESP32
2026-08-29T10:42:37.715242,31.6,66.4,0,ESP32
2026-08-29T10:42:42.915180,31.7,66.3,0,ESP32
2026-08-29T10:42:48.118741,31.7,66.2,0,ESP32
2026-08-29T10:42:53.257831,31.7,66.2,0,ESP32
2026-08-29T10:42:58.376580,31.7,66.0,0,ESP32
2026-08-29T10:43:03.564474,31.7,66.0,0,ESP32
2026-08-29T10:43:08.970531,31.7,65.9,0,ESP32
2026-08-29T10:43:14.147999,31.7,65.7,0,ESP32
2026-08-29T10:43:19.330139,31.7,65.6,0,ESP32
2026-08-29T10:43:24.489952,31.7,65.5,0,ESP32
2026-08-29T10:43:29.693805,31.7,65.4,0,ESP32
2026-08-29T10:43:34.893930,31.7,65.4,0,ESP32
2026-08-29T10:43:40.056054,31.7,65.4,0,ESP32
2026-08-29T10:43:45.185149,31.7,65.4,0,ESP32
2026-08-29T10:43:50.315767,31.7,65.5,0,ESP32
2026-08-29T10:43:55.457204,31.7,65.6,0,ESP32
2026-08-29T10:44:00.616338,31.7,65.5,0,ESP32
2026-08-29T10:44:05.749009,31.7,65.4,0,ESP32
2026-08-29T10:44:10.941050,31.7,65.4,0,ESP32
2026-08-29T10:44:16.071993,31.8,65.2,0,ESP32
2026-08-29T10:44:21.262073,31.8,65.2,0,ESP32
2026-08-29T10:44:26.380878,31.8,65.0,0,ESP32
2026-08-29T10:44:31.517568,31.8,65.0,0,ESP32
2026-08-29T10:44:36.703370,31.8,65.1,0,ESP32
2026-08-29T10:44:41.863432,31.8,65.1,0,ESP32
2026-08-29T10:44:47.025830,31.9,65.2,0,ESP32
2026-08-29T10:44:52.166389,31.8,65.3,0,ESP32
2026-08-29T10:44:57.297244,31.9,65.3,0,ESP32
2026-08-29T10:45:02.424954,31.9,65.3,0,ESP32
2026-08-29T10:45:07.586216,31.9,65.1,0,ESP32
2026-08-29T10:45:12.749630,31.9,65.0,0,ESP32
2026-08-29T10:45:17.867542,31.9,64.8,0,ESP32
2026-08-29T10:45:23.071714,31.9,64.7,0,ESP32
2026-08-29T10:45:28.210464,31.9,64.6,0,ESP32
2026-08-29T10:45:33.352411,31.9,64.5,0,ESP32
2026-08-29T10:45:38.485255,31.9,64.6,0,ESP32
2026-08-29T10:45:43.673647,31.9,64.7,0,ESP32
2026-08-29T10:45:48.793817,31.9,65.0,0,ESP32
2026-08-29T10:45:53.920584,31.9,65.0,0,ESP32
2026-08-29T10:45:59.115296,32.0,64.7,0,ESP32
2026-08-29T10:46:04.276557,32.0,64.5,0,ESP32
2026-08-29T10:46:09.601594,31.9,64.4,0,ESP32
2026-08-29T10:46:14.762200,32.0,64.2,0,ESP32
2026-08-29T10:46:19.885447,32.0,64.3,0,ESP32
2026-08-29T10:46:25.082597,32.0,64.4,0,ESP32
2026-08-29T10:46:30.245192,32.0,64.4,0,ESP32
2026-08-29T10:46:35.405891,32.0,64.2,0,ESP32
2026-08-29T10:46:40.578187,32.0,64.2,0,ESP32
2026-08-29T10:46:45.768877,32.0,64.1,0,ESP32
2026-08-29T10:46:50.972338,32.0,64.0,0,ESP32
2026-08-29T10:46:56.154816,32.0,63.9,0,ESP32
2026-08-29T10:47:01.334523,32.0,64.0,0,ESP32
2026-08-29T10:47:06.535545,32.1,64.0,0,ESP32
2026-08-29T10:47:11.659363,32.1,64.1,0,ESP32
2026-08-29T10:47:16.786233,32.1,64.0,0,ESP32
2026-08-29T10:47:21.978028,32.0,63.9,0,ESP32
2026-08-29T10:47:27.118158,32.1,63.8,0,ESP32
2026-08-29T10:47:32.299551,32.1,63.7,0,ESP32
2026-08-29T10:47:37.430394,32.0,63.8,0,ESP32
2026-08-29T10:47:42.559416,32.1,63.8,0,ESP32
2026-08-29T10:47:47.695738,32.1,63.7,0,ESP32
2026-08-29T10:47:52.822131,32.2,63.7,0,ESP32
2026-08-29T10:47:58.021089,32.1,63.6,0,ESP32
2026-08-29T10:48:03.265520,32.1,63.6,0,ESP32
2026-08-29T10:48:08.432267,32.1,63.5,0,ESP32
2026-08-29T10:48:13.571571,32.2,63.5,0,ESP32
2026-08-29T10:48:18.748940,32.1,63.5,0,ESP32
2026-08-29T10:48:23.874415,32.2,63.5,0,ESP32
2026-08-29T10:48:29.013901,32.2,63.4,0,ESP32
2026-08-29T10:48:34.141909,32.3,63.5,0,ESP32
2026-08-29T10:48:39.274956,32.2,63.7,0,ESP32
2026-08-29T10:48:44.404831,32.2,63.5,0,ESP32
2026-08-29T10:48:49.592175,32.3,63.4,0,ESP32
2026-08-29T10:48:54.792809,32.2,63.5,0,ESP32
2026-08-29T10:48:59.952465,32.3,63.3,0,ESP32
2026-08-29T10:49:05.156027,32.2,63.4,0,ESP32
2026-08-29T10:49:10.287928,32.3,63.2,0,ESP32
2026-08-29T10:49:15.418626,32.3,63.2,0,ESP32
2026-08-29T10:49:20.740802,32.3,63.1,0,ESP32
2026-08-29T10:49:25.942465,32.3,63.1,0,ESP32
2026-08-29T10:49:31.125024,32.3,63.0,0,ESP32
2026-08-29T10:49:36.255084,32.3,63.0,0,ESP32
2026-08-29T10:49:41.446423,32.3,63.2,0,ESP32
2026-08-29T10:49:46.648376,32.3,63.0,0,ESP32
2026-08-29T10:49:51.809620,32.4,62.9,0,ESP32
2026-08-29T10:49:56.933562,32.4,62.7,0,ESP32
2026-08-29T10:50:02.131301,32.4,62.6,0,ESP32
2026-08-29T10:50:07.332949,32.4,62.5,0,ESP32
2026-08-29T10:50:12.535290,32.4,62.4,0,ESP32
2026-08-29T10:50:17.695879,32.4,62.4,0,ESP32
2026-08-29T10:50:22.856824,32.4,62.2,0,ESP32
2026-08-29T10:50:28.018105,32.4,62.8,0,ESP32
2026-08-29T10:50:33.209777,32.4,63.0,0,ESP32
2026-08-29T10:50:38.382074,32.4,62.8,0,ESP32
2026-08-29T10:50:43.583205,32.4,62.6,0,ESP32
2026-08-29T10:50:48.705043,32.4,62.7,0,ESP32
2026-08-29T10:50:53.905430,32.4,62.9,0,ESP32
2026-08-29T10:50:59.040716,32.4,62.9,0,ESP32
2026-08-29T10:51:04.226638,32.6,62.7,0,ESP32
2026-08-29T10:51:09.409268,32.4,62.9,0,ESP32
2026-08-29T10:51:14.588161,32.5,62.6,0,ESP32
2026-08-29T10:51:19.711589,32.4,62.6,0,ESP32
2026-08-29T10:51:24.845386,32.5,62.3,0,ESP32
2026-08-29T10:51:29.971232,32.5,62.2,0,ESP32
2026-08-29T10:51:35.110268,32.5,62.1,0,ESP32
2026-08-29T10:51:40.239044,32.5,62.0,0,ESP32
2026-08-29T10:51:45.443552,32.5,61.9,0,ESP32
2026-08-29T10:51:50.632745,32.5,61.8,0,ESP32
2026-08-29T10:51:55.795529,32.5,61.8,0,ESP32
2026-08-29T10:52:00.924665,32.5,61.7,0,ESP32
2026-08-29T10:52:06.053556,32.5,61.7,0,ESP32
2026-08-29T10:52:11.237143,32.5,61.7,0,ESP32
2026-08-29T10:52:16.378007,32.5,61.6,0,ESP32
2026-08-29T10:52:21.502858,32.5,61.6,0,ESP32
2026-08-29T10:52:26.640320,32.5,61.7,0,ESP32
2026-08-29T10:52:31.800614,32.5,61.9,0,ESP32
2026-08-29T10:52:36.931385,32.5,61.8,0,ESP32
2026-08-29T10:52:42.124994,32.5,61.8,0,ESP32
2026-08-29T10:52:47.264633,32.5,61.9,0,ESP32
2026-08-29T10:52:52.444538,32.5,61.8,0,ESP32
2026-08-29T10:52:57.565835,32.5,61.7,0,ESP32
2026-08-29T10:53:02.724218,32.5,61.7,0,ESP32
2026-08-29T10:53:07.885321,32.5,61.7,0,ESP32
2026-08-29T10:53:13.046046,32.5,61.6,0,ESP32
2026-08-29T10:53:18.179031,32.5,61.5,0,ESP32
2026-08-29T10:59:27.094170,33.0,61.0,0,ESP32
2026-08-29T10:59:32.334594,32.7,61.2,0,ESP32
2026-08-29T10:59:37.467915,32.7,61.1,0,ESP32
2026-08-29T10:59:42.659341,32.7,61.0,0,ESP32
2026-08-29T10:59:47.859653,32.7,60.9,0,ESP32
2026-08-29T10:59:58.479242,32.7,58.2,0,ESP32
2026-08-29T11:00:08.240690,32.7,60.7,0,ESP32
2026-08-29T11:00:13.458907,32.7,60.8,0,ESP32
2026-08-29T11:00:28.163822,32.6,61.1,0,ESP32
2026-08-29T11:00:33.367194,32.6,61.4,0,ESP32
2026-08-29T11:00:45.583404,32.6,58.7,0,ESP32
2026-08-29T11:00:56.795694,32.6,60.9,0,ESP32
2026-08-29T11:01:12.161353,0.0,0.0,0,ESP32
2026-08-29T11:01:17.356000,32.7,58.1,0,ESP32
2026-08-29T11:01:22.558405,32.7,61.6,0,ESP32
2026-08-29T11:01:27.761653,32.8,61.6,0,ESP32
2026-08-29T11:01:32.963210,32.7,61.6,0,ESP32
2026-08-29T11:01:38.165826,32.7,61.4,0,ESP32
2026-08-29T11:01:43.333518,32.7,61.2,0,ESP32
2026-08-29T11:01:48.490000,32.7,61.0,0,ESP32
2026-08-29T11:01:53.623216,32.7,60.9,0,ESP32
2026-08-29T11:01:58.809065,32.7,60.8,0,ESP32
2026-08-29T11:02:03.950806,32.6,60.8,0,ESP32
2026-08-29T11:02:09.120801,32.7,60.1,0,ESP32
2026-08-29T11:02:14.287205,32.6,62.7,0,ESP32
2026-08-29T11:02:19.450329,32.6,62.6,0,ESP32
2026-08-29T11:02:24.591187,32.6,62.4,0,ESP32
2026-08-29T11:02:29.724653,32.6,62.2,0,ESP32
2026-08-29T11:02:34.885526,32.7,62.1,0,ESP32
2026-08-29T11:02:40.097795,32.6,62.0,0,ESP32
2026-08-29T11:02:45.261126,32.6,61.9,0,ESP32
2026-08-29T11:02:50.398851,32.7,61.7,0,ESP32
2026-08-29T11:02:55.537828,32.8,61.6,0,ESP32
2026-08-29T11:03:00.724516,32.7,61.8,0,ESP32
2026-08-29T11:03:05.885684,32.8,61.8,0,ESP32
2026-08-29T11:03:11.510661,32.8,61.9,0,ESP32
2026-08-29T11:03:16.984355,32.8,61.7,0,ESP32
2026-08-29T11:03:22.305079,32.8,61.6,0,ESP32
2026-08-29T11:03:27.458171,32.8,61.5,0,ESP32
2026-08-29T11:03:32.609916,32.9,61.3,0,ESP32
2026-08-29T11:03:37.774975,32.9,61.1,0,ESP32
2026-08-29T11:03:42.970022,32.9,60.9,0,ESP32
2026-08-29T11:03:48.110605,32.9,60.7,0,ESP32
2026-08-29T11:03:53.377734,32.9,60.7,0,ESP32
2026-08-29T11:03:58.657879,32.9,60.6,0,ESP32
2026-08-29T11:04:03.859748,32.9,60.3,0,ESP32
2026-08-29T11:04:09.015913,32.9,60.2,0,ESP32
2026-08-29T11:04:14.160285,32.9,60.2,0,ESP32
2026-08-29T11:04:19.390345,32.9,60.2,0,ESP32
2026-08-29T11:04:24.631409,32.9,60.1,0,ESP32
2026-08-29T11:04:29.828509,32.9,59.9,0,ESP32
2026-08-29T11:04:34.979591,32.9,59.9,0,ESP32
2026-08-29T11:04:40.191254,32.9,60.0,0,ESP32
2026-08-29T11:04:45.342146,32.9,59.9,0,ESP32
2026-08-29T11:04:50.483165,32.9,59.9,0,ESP32
2026-08-29T11:04:55.620267,32.9,59.9,0,ESP32
2026-08-29T11:05:00.794378,32.9,60.0,0,ESP32
2026-08-29T11:05:05.996194,33.0,59.9,0,ESP32
2026-08-29T11:05:11.197990,33.0,59.8,0,ESP32
2026-08-29T11:05:16.351872,33.0,59.8,0,ESP32
2026-08-29T11:05:21.560904,33.1,59.6,0,ESP32
2026-08-29T11:05:26.701434,33.0,59.6,0,ESP32
2026-08-29T11:05:31.922231,33.0,59.6,0,ESP32
2026-08-29T11:05:37.125706,32.9,59.6,0,ESP32
2026-08-29T11:05:42.276342,33.0,59.6,0,ESP32
2026-08-29T11:05:47.488595,33.0,59.6,0,ESP32
2026-08-29T11:05:52.622074,33.1,59.6,0,ESP32
2026-08-29T11:05:57.810361,33.1,59.5,0,ESP32
2026-08-29T11:06:02.948409,33.2,59.4,0,ESP32
2026-08-29T11:06:08.107400,33.2,59.2,0,ESP32
2026-08-29T11:06:13.265258,33.2,59.1,0,ESP32
2026-08-29T11:06:18.495334,33.1,59.0,0,ESP32
2026-08-29T11:06:23.635295,33.2,58.9,0,ESP32
2026-08-29T11:06:28.817844,33.2,58.9,0,ESP32
2026-08-29T12:28:15.981040,29.9,71.5,0,ESP32
2026-08-29T12:28:21.439462,29.9,71.4,0,ESP32
2026-08-29T12:28:26.688241,29.9,71.6,0,ESP32
2026-08-29T12:28:32.053528,29.9,71.5,0,ESP32
2026-08-29T12:28:37.319210,29.9,71.3,0,ESP32
2026-08-29T12:28:42.554073,29.9,71.5,0,ESP32
2026-08-29T12:28:47.898634,29.9,71.3,0,ESP32
2026-08-29T12:28:53.182369,29.9,71.4,0,ESP32
2026-08-29T12:28:58.508308,29.9,71.4,0,ESP32
2026-08-29T12:29:03.709080,29.9,71.4,0,ESP32
2026-08-29T12:29:09.018805,29.9,71.4,0,ESP32
2026-08-29T12:29:14.294508,29.9,71.5,0,ESP32
2026-08-29T12:29:19.560065,29.9,71.2,0,ESP32
2026-08-29T12:29:24.762795,29.9,71.3,0,ESP32
2026-08-29T12:29:30.089491,29.9,71.6,0,ESP32
2026-08-29T12:29:35.330224,29.8,71.3,0,ESP32
2026-08-29T12:29:40.733151,29.8,71.4,0,ESP32
2026-08-29T12:29:46.102416,29.9,71.4,0,ESP32
2026-08-29T12:29:51.353932,29.8,71.6,0,ESP32
2026-08-29T12:29:56.600672,29.8,71.6,0,ESP32
2026-08-29T12:30:01.838614,29.8,71.6,0,ESP32
2026-08-29T12:30:07.066316,29.8,71.8,0,ESP32
2026-08-29T12:30:12.242942,29.8,71.7,0,ESP32
2026-08-29T12:30:17.437073,29.8,71.8,0,ESP32
2026-08-29T12:30:22.704347,29.9,71.8,0,ESP32
2026-08-29T12:30:27.900914,29.9,71.5,0,ESP32
2026-08-29T12:30:33.125870,29.9,71.4,0,ESP32
2026-08-29T12:30:38.285520,30.0,71.4,0,ESP32
2026-08-29T12:30:43.487675,30.0,71.3,0,ESP32
2026-08-29T12:30:48.636835,30.0,71.2,0,ESP32
2026-08-29T12:30:53.850283,30.0,71.0,0,ESP32
2026-08-29T12:30:58.991773,30.1,70.8,0,ESP32
2026-08-29T12:31:04.212831,30.1,70.6,0,ESP32
2026-08-29T12:31:09.479099,30.2,70.5,0,ESP32
2026-08-29T12:31:14.637270,30.2,70.5,0,ESP32
2026-08-29T12:31:19.859606,30.2,70.5,0,ESP32
2026-08-29T12:31:25.062626,30.2,70.5,0,ESP32
2026-08-29T12:31:30.233049,30.2,70.4,0,ESP32
2026-08-29T12:31:35.464459,30.3,70.1,0,ESP32
2026-08-29T12:31:40.749962,30.3,70.0,0,ESP32
2026-08-29T12:31:45.974624,30.3,69.9,0,ESP32
2026-08-29T12:31:52.510186,30.3,69.8,0,ESP32
2026-08-29T12:31:57.832625,30.3,69.8,0,ESP32
2026-08-29T12:32:03.031658,30.3,69.8,0,ESP32
2026-08-29T12:32:08.233500,30.3,69.8,0,ESP32
2026-08-29T12:32:13.476529,30.3,69.7,0,ESP32
2026-08-29T12:32:18.745534,30.4,69.6,0,ESP32
2026-08-29T12:32:24.085343,30.4,69.7,0,ESP32
2026-08-29T12:32:29.286379,30.4,69.6,0,ESP32
2026-08-29T12:32:34.457960,30.4,69.6,0,ESP32
2026-08-29T12:32:39.648490,30.4,69.5,0,ESP32
2026-08-29T12:32:44.809831,30.5,69.1,0,ESP32
2026-08-29T12:32:50.013702,30.5,69.0,0,ESP32
2026-08-29T12:32:55.213697,30.5,69.0,0,ESP32
2026-08-29T12:33:00.412090,30.5,69.0,0,ESP32
2026-08-29T12:33:05.675556,30.5,68.9,0,ESP32
2026-08-29T12:33:10.817232,30.5,68.8,0,ESP32
2026-08-29T12:33:16.023428,30.5,68.7,0,ESP32
2026-08-29T12:33:21.201505,30.6,68.7,0,ESP32
2026-08-29T12:33:26.425773,30.6,68.6,0,ESP32
2026-08-29T12:33:31.574357,30.6,68.5,0,ESP32
2026-08-29T12:33:36.748578,30.6,68.4,0,ESP32
2026-08-29T12:33:41.925221,30.6,68.4,0,ESP32
2026-08-29T12:33:47.077871,30.7,68.4,0,ESP32
2026-08-29T12:33:52.357166,30.6,68.3,0,ESP32
2026-08-29T12:33:57.598123,30.7,68.1,0,ESP32
2026-08-29T12:34:02.812271,30.7,68.2,0,ESP32
2026-08-29T12:34:07.975717,30.7,68.1,0,ESP32
2026-08-29T12:34:13.202914,30.7,68.0,0,ESP32
2026-08-29T12:34:18.383032,30.7,68.0,0,ESP32
2026-08-29T12:34:23.517560,30.7,68.0,0,ESP32
2026-08-29T12:34:28.849290,30.7,67.9,0,ESP32
2026-08-29T12:34:34.051405,30.7,68.0,0,ESP32
2026-08-29T12:34:39.210675,30.7,67.9,0,ESP32
2026-08-29T12:34:44.473164,30.7,68.0,0,ESP32
2026-08-29T12:34:49.749242,30.7,67.9,0,ESP32
2026-08-29T12:34:54.912367,30.7,67.8,0,ESP32
2026-08-29T12:35:00.060427,30.7,67.6,0,ESP32
2026-08-29T12:35:05.274412,30.7,67.6,0,ESP32
2026-08-29T12:35:10.513820,30.7,67.7,0,ESP32
2026-08-29T12:35:15.707595,30.7,67.7,0,ESP32
2026-08-29T12:35:20.896569,30.7,67.6,0,ESP32
2026-08-29T12:35:26.111615,30.7,67.6,0,ESP32
2026-08-29T12:35:31.356554,30.7,67.6,0,ESP32
2026-08-29T12:35:36.597532,30.7,67.6,0,ESP32
2026-08-29T12:35:41.762620,30.7,67.5,0,ESP32
2026-08-29T12:35:46.939825,30.7,67.5,0,ESP32
2026-08-29T12:35:52.162183,30.7,67.5,0,ESP32
2026-08-29T12:35:57.331054,30.7,67.6,0,ESP32
2026-08-29T12:36:02.506183,30.7,67.6,0,ESP32
2026-08-29T12:36:07.654771,30.6,67.7,0,ESP32
2026-08-29T12:36:12.822029,30.6,67.7,0,ESP32
2026-08-29T12:36:18.090591,30.6,67.7,0,ESP32
2026-08-29T12:36:23.256131,30.6,67.8,0,ESP32
2026-08-29T12:36:28.431282,30.6,67.8,0,ESP32
2026-08-29T12:36:33.583542,30.6,67.8,0,ESP32
2026-08-29T12:36:38.897601,30.5,68.0,0,ESP32
2026-08-29T12:36:44.191051,30.6,68.1,0,ESP32
2026-08-29T12:36:49.383299,30.5,68.1,0,ESP32
2026-08-29T12:36:54.583423,30.5,68.2,0,ESP32
2026-08-29T12:36:59.782462,30.5,68.3,0,ESP32
2026-08-29T12:37:05.030751,30.5,68.2,0,ESP32
2026-08-29T12:37:10.231880,30.5,68.2,0,ESP32
2026-08-29T12:37:15.433855,30.5,68.3,0,ESP32
2026-08-29T12:37:20.627409,30.5,68.3,0,ESP32
2026-08-29T12:37:25.877010,30.5,68.4,0,ESP32
2026-08-29T12:37:31.081449,30.5,68.4,0,ESP32
2026-08-29T12:37:36.285961,30.5,68.4,0,ESP32
2026-08-29T12:37:41.484371,30.5,68.4,0,ESP32
2026-08-29T12:37:46.661184,30.5,68.4,0,ESP32
2026-08-29T12:37:51.847434,30.5,68.4,0,ESP32
2026-08-29T12:37:57.172097,30.5,68.4,0,ESP32
2026-08-29T12:38:02.330377,30.5,68.4,0,ESP32
2026-08-29T12:38:07.534557,30.5,68.4,0,ESP32
2026-08-29T12:38:13.495574,30.5,68.5,0,ESP32
2026-08-29T12:38:42.312909,30.5,68.5,0,ESP32
2026-08-29T12:38:47.577682,30.5,68.5,0,ESP32
2026-08-29T12:38:53.924555,30.5,68.5,0,ESP32
2026-08-29T12:38:59.186316,30.5,68.5,0,ESP32
2026-08-29T12:39:04.352576,30.5,68.6,0,ESP32
2026-08-29T12:39:09.601965,30.5,68.5,0,ESP32
2026-08-29T12:39:14.835192,30.5,68.6,0,ESP32
2026-08-29T12:39:20.159330,30.5,68.5,0,ESP32
2026-08-29T12:39:25.354338,30.5,68.5,0,ESP32
2026-08-29T12:39:30.561044,30.5,68.5,0,ESP32
2026-08-29T12:39:35.888355,30.5,68.5,0,ESP32
2026-08-29T12:39:41.221153,30.5,68.5,0,ESP32
2026-08-29T12:39:46.454332,30.5,68.5,0,ESP32
2026-08-29T12:39:51.706115,30.5,68.4,0,ESP32
2026-08-29T12:39:56.980308,30.5,68.4,0,ESP32
2026-08-29T12:40:02.222755,30.5,68.4,0,ESP32
2026-08-29T12:40:07.477281,30.5,68.4,0,ESP32
2026-08-29T12:40:12.642475,30.5,68.5,0,ESP32
2026-08-29T12:40:17.909453,30.5,68.4,0,ESP32
2026-08-29T12:40:23.235080,30.5,68.4,0,ESP32
2026-08-29T12:40:28.395444,30.5,68.4,0,ESP32
2026-08-29T12:40:33.569139,30.5,68.4,0,ESP32
2026-08-29T12:40:38.812277,30.5,68.4,0,ESP32
2026-08-29T12:40:44.125199,30.5,68.4,0,ESP32
2026-08-29T12:40:49.380703,30.5,68.4,0,ESP32
2026-08-29T12:40:54.938843,30.5,68.5,0,ESP32
2026-08-29T12:41:00.222245,30.5,68.7,0,ESP32
2026-08-29T12:41:05.476111,30.5,68.5,0,ESP32
2026-08-29T12:41:10.751145,30.5,68.5,0,ESP32
2026-08-29T12:41:16.136529,30.5,68.5,0,ESP32
2026-08-29T12:41:21.480724,30.5,68.5,0,ESP32
2026-08-29T12:41:26.805331,30.5,68.5,0,ESP32
2026-08-29T12:41:32.089438,30.5,68.5,0,ESP32
2026-08-29T12:41:37.294781,30.5,68.5,0,ESP32
2026-08-29T12:41:42.455666,30.5,68.4,0,ESP32
2026-08-29T12:41:47.654160,30.5,68.4,0,ESP32
2026-08-29T12:41:52.978570,30.5,68.4,0,ESP32
2026-08-29T12:41:58.221837,30.5,68.5,0,ESP32
2026-08-29T12:42:03.392528,30.5,68.5,0,ESP32
2026-08-29T12:42:08.603707,30.5,68.4,0,ESP32
2026-08-29T12:42:13.797516,30.5,68.4,0,ESP32
2026-08-29T12:42:18.979363,30.4,68.5,0,ESP32
2026-08-29T12:42:24.235110,30.5,68.4,0,ESP32
2026-08-29T12:42:29.516572,30.5,68.4,0,ESP32
2026-08-29T12:42:34.773936,30.5,68.4,0,ESP32
2026-08-29T12:42:40.043078,30.5,68.4,0,ESP32
2026-08-29T12:42:45.244320,30.5,68.4,0,ESP32
2026-08-29T12:42:50.445108,30.5,68.4,0,ESP32
2026-08-29T12:42:55.606704,30.5,68.4,0,ESP32
2026-08-29T12:43:00.826482,30.5,68.4,0,ESP32
2026-08-29T12:43:06.052714,30.5,68.4,0,ESP32
2026-08-29T12:43:11.243931,30.5,68.5,0,ESP32
2026-08-29T12:43:21.546295,30.6,65.2,0,ESP32
2026-08-29T12:43:26.804006,30.7,68.3,0,ESP32
2026-08-29T12:43:32.095683,30.7,68.4,0,ESP32
2026-08-29T12:43:37.247082,30.7,68.4,0,ESP32
2026-08-29T12:43:42.400986,30.7,68.3,0,ESP32
2026-08-29T12:43:47.610389,30.7,67.9,0,ESP32
2026-08-29T12:43:52.868880,30.7,68.2,0,ESP32
2026-08-29T12:43:58.072451,30.7,68.1,0,ESP32
2026-08-29T12:44:05.567106,30.8,67.8,0,ESP32
2026-08-29T12:44:12.855546,30.8,67.7,0,ESP32
2026-08-29T12:44:17.992906,30.8,67.7,0,ESP32
2026-08-29T12:44:23.307893,30.8,67.5,0,ESP32
2026-08-29T12:44:28.654011,30.8,67.5,0,ESP32
2026-08-29T12:44:34.200280,30.9,64.4,0,ESP32
2026-08-29T12:44:39.444935,30.9,61.8,0,ESP32
2026-08-29T12:44:44.687611,30.9,61.5,0,ESP32
2026-08-29T12:44:55.912318,30.9,66.7,0,ESP32
2026-08-29T12:45:09.658674,30.8,67.2,0,ESP32
2026-08-29T12:45:18.404200,30.7,67.5,0,ESP32
2026-08-29T12:45:23.677938,30.7,67.8,0,ESP32
2026-08-29T12:45:28.929319,30.7,68.0,0,ESP32
2026-08-29T12:45:34.165842,30.7,68.1,0,ESP32
2026-08-29T12:45:39.335865,30.7,68.1,0,ESP32
2026-08-29T12:45:44.559669,30.7,68.2,0,ESP32
2026-08-29T12:45:50.179604,30.6,68.1,0,ESP32
2026-08-29T12:45:55.464561,30.6,68.4,0,ESP32
2026-08-29T12:46:00.665525,30.6,68.4,0,ESP32
2026-08-29T12:46:05.881245,30.6,68.4,0,ESP32
2026-08-29T12:46:11.158305,30.6,68.5,0,ESP32
2026-08-29T12:46:16.313648,30.6,68.5,0,ESP32
2026-08-29T12:46:21.633430,30.6,68.6,0,ESP32
2026-08-29T12:46:26.836947,30.6,68.6,0,ESP32
2026-08-29T12:46:32.091295,30.6,68.6,0,ESP32
2026-08-29T12:46:37.363745,30.6,68.6,0,ESP32
2026-08-29T12:46:42.526813,30.6,68.6,0,ESP32
2026-08-29T12:46:47.683754,30.6,68.8,0,ESP32
2026-08-29T12:46:52.936631,30.6,68.6,0,ESP32
2026-08-29T12:46:58.151338,30.6,68.7,0,ESP32
2026-08-29T12:47:03.301952,30.6,68.5,0,ESP32
2026-08-29T12:47:08.575591,30.6,68.7,0,ESP32
2026-08-29T12:47:13.860291,30.6,68.7,0,ESP32
2026-08-29T12:47:19.100490,30.7,68.7,0,ESP32
2026-08-29T12:47:24.307023,30.7,68.7,0,ESP32
2026-08-29T12:47:29.506392,30.7,68.7,0,ESP32
2026-08-29T12:47:34.708339,30.7,68.6,0,ESP32
2026-08-29T12:47:39.909938,30.7,68.5,0,ESP32
2026-08-29T12:47:45.118286,30.7,68.6,0,ESP32
2026-08-29T12:47:50.314891,30.7,68.7,0,ESP32
2026-08-29T12:47:55.588940,30.7,68.7,0,ESP32
2026-08-29T12:48:00.839478,30.7,68.5,0,ESP32
2026-08-29T12:48:06.031537,30.7,68.5,0,ESP32
2026-08-29T12:48:11.188668,30.7,68.5,0,ESP32
2026-08-29T12:48:17.376757,30.7,68.4,0,ESP32
2026-08-29T12:48:22.836189,30.8,68.2,0,ESP32
2026-08-29T12:48:28.038666,30.7,68.3,0,ESP32
2026-08-29T12:48:33.200858,30.7,68.2,0,ESP32
2026-08-29T12:48:38.494066,30.8,68.1,0,ESP32
2026-08-29T12:48:43.889518,30.8,68.0,0,ESP32
2026-08-29T12:48:49.097787,30.8,67.9,0,ESP32
2026-08-29T12:48:54.295304,30.8,67.9,0,ESP32
2026-08-29T12:48:59.495243,30.8,67.9,0,ESP32
2026-08-29T12:49:04.697420,30.8,67.8,0,ESP32
2026-08-29T12:49:09.940503,30.9,67.7,0,ESP32
2026-08-29T12:49:15.120083,30.8,67.7,0,ESP32
2026-08-29T12:49:20.384485,30.8,67.7,0,ESP32
2026-08-29T12:49:25.561939,30.8,67.7,0,ESP32
2026-08-29T12:49:30.729029,30.8,67.9,0,ESP32
2026-08-29T12:49:35.897183,30.8,67.9,0,ESP32
2026-08-29T12:49:41.117412,30.8,67.8,0,ESP32
2026-08-29T12:49:46.312541,30.8,67.9,0,ESP32
2026-08-29T12:49:51.561170,30.8,67.9,0,ESP32
2026-08-29T12:49:56.758490,30.7,68.0,0,ESP32
2026-08-29T12:50:01.958973,30.7,68.0,0,ESP32
2026-08-29T12:50:07.202247,30.7,68.1,0,ESP32
2026-08-29T12:50:12.356277,30.7,68.2,0,ESP32
2026-08-29T12:50:17.592414,30.7,68.3,0,ESP32
2026-08-29T12:50:22.808585,30.7,68.3,0,ESP32
2026-08-29T12:50:27.984439,30.6,68.4,0,ESP32
2026-08-29T12:50:33.281558,30.7,68.4,0,ESP32
2026-08-29T12:50:38.536181,30.7,68.4,0,ESP32
2026-08-29T12:50:43.738085,30.7,68.4,0,ESP32
2026-08-29T12:50:48.894533,30.7,68.5,0,ESP32
2026-08-29T12:50:54.142039,30.7,68.5,0,ESP32
2026-08-29T12:50:59.318934,30.7,68.4,0,ESP32
2026-08-29T12:51:04.480951,30.7,68.4,0,ESP32
2026-08-29T12:51:09.666135,30.7,68.5,0,ESP32
2026-08-29T12:51:14.924384,30.7,68.5,0,ESP32
2026-08-29T12:51:20.198626,30.7,68.5,0,ESP32
2026-08-29T12:51:25.488895,30.7,68.5,0,ESP32
2026-08-29T12:51:31.213514,30.7,68.5,0,ESP32
2026-08-29T12:51:36.705579,30.7,68.4,0,ESP32
2026-08-29T12:51:42.064994,30.7,68.4,0,ESP32
2026-08-29T12:51:47.308664,30.7,68.4,0,ESP32
2026-08-29T12:51:52.512150,30.7,68.1,0,ESP32
2026-08-29T12:51:57.764160,30.7,68.4,0,ESP32
2026-08-29T12:52:03.076179,30.7,68.4,0,ESP32
2026-08-29T12:52:08.320737,30.7,68.4,0,ESP32
2026-08-29T12:52:13.524415,30.7,68.4,0,ESP32
2026-08-29T12:52:18.703125,30.7,68.4,0,ESP32
2026-08-29T12:52:24.049371,30.7,68.3,0,ESP32
2026-08-29T12:52:29.415982,30.7,68.3,0,ESP32
2026-08-29T12:52:34.616684,30.7,68.3,0,ESP32
2026-08-29T12:52:39.819015,30.7,68.2,0,ESP32
2026-08-29T12:52:45.063616,30.7,68.2,0,ESP32
2026-08-29T12:52:50.284970,30.7,68.3,0,ESP32
2026-08-29T12:52:55.461701,30.7,68.2,0,ESP32
2026-08-29T12:53:00.708402,30.7,68.2,0,ESP32
2026-08-29T12:53:05.910331,30.7,68.2,0,ESP32
2026-08-29T12:53:11.111519,30.7,68.1,0,ESP32
2026-08-29T12:53:16.483650,30.7,68.2,0,ESP32
2026-08-29T12:53:21.708853,30.7,68.2,0,ESP32
2026-08-29T12:53:26.943714,30.7,68.1,0,ESP32
2026-08-29T12:53:32.324888,30.7,68.2,0,ESP32
2026-08-29T12:53:37.666238,30.7,68.2,0,ESP32
2026-08-29T12:53:42.897578,30.7,68.2,0,ESP32
2026-08-29T12:53:48.149270,30.7,68.2,0,ESP32
2026-08-29T12:53:53.434894,30.7,68.2,0,ESP32
2026-08-29T12:54:00.049057,30.7,68.2,0,ESP32
2026-08-29T12:54:05.335252,30.7,68.2,0,ESP32
2026-08-29T12:54:10.557446,30.7,68.2,0,ESP32
2026-08-29T12:54:15.791196,30.7,68.0,0,ESP32
2026-08-29T12:54:20.960063,30.7,68.3,0,ESP32
2026-08-29T12:54:26.151164,30.7,68.2,0,ESP32
2026-08-29T12:54:31.352696,30.6,68.3,0,ESP32
2026-08-29T12:54:36.512957,30.6,68.3,0,ESP32
2026-08-29T12:54:41.694883,30.6,68.3,0,ESP32
2026-08-29T12:54:46.957820,30.6,68.4,0,ESP32
2026-08-29T12:54:52.160830,30.6,68.4,0,ESP32
2026-08-29T12:54:57.415491,30.6,68.4,0,ESP32
2026-08-29T12:55:02.565943,30.6,68.4,0,ESP32
2026-08-29T12:55:07.766054,30.7,68.4,0,ESP32
2026-08-29T12:55:13.008968,30.6,68.4,0,ESP32
2026-08-29T12:55:18.250524,30.7,68.4,0,ESP32
2026-08-29T12:55:23.421128,30.7,68.3,0,ESP32
2026-08-29T12:55:28.738503,30.6,68.3,0,ESP32
2026-08-29T12:55:33.897850,30.6,68.3,0,ESP32
2026-08-29T12:55:39.139106,30.6,68.4,0,ESP32
2026-08-29T12:55:44.425228,30.6,68.4,0,ESP32
2026-08-29T12:55:49.667111,30.6,68.4,0,ESP32
2026-08-29T12:55:54.822197,30.6,68.5,0,ESP32
2026-08-29T12:56:00.001790,30.6,68.5,0,ESP32
2026-08-29T12:56:05.173084,30.6,68.6,0,ESP32
2026-08-29T12:56:10.393254,30.6,68.5,0,ESP32
2026-08-29T12:56:15.637783,30.6,68.4,0,ESP32
2026-08-29T12:56:20.890034,30.6,68.4,0,ESP32
2026-08-29T12:56:26.204435,30.6,68.4,0,ESP32
2026-08-29T12:56:31.411135,30.6,68.5,0,ESP32
2026-08-29T12:56:36.569619,30.6,68.5,0,ESP32
2026-08-29T12:56:41.769359,30.6,68.6,0,ESP32
2026-08-29T12:56:46.973111,30.6,68.6,0,ESP32
2026-08-29T12:56:52.173295,30.6,68.7,0,ESP32
2026-08-29T12:56:57.340065,30.6,68.7,0,ESP32
2026-08-29T12:57:02.536191,30.5,68.7,0,ESP32
2026-08-29T12:57:07.741149,30.6,68.7,0,ESP32
2026-08-29T12:57:12.985936,30.5,68.7,0,ESP32
2026-08-29T12:57:18.244762,30.5,68.7,0,ESP32
2026-08-29T12:57:23.452281,30.5,68.6,0,ESP32
2026-08-29T12:57:28.607629,30.5,68.7,0,ESP32
2026-08-29T12:57:33.932555,30.5,68.7,0,ESP32
2026-08-29T12:57:39.129242,30.5,68.7,0,ESP32
2026-08-29T12:57:44.358356,30.5,68.7,0,ESP32
2026-08-29T12:57:49.558361,30.5,68.6,0,ESP32
2026-08-29T12:57:54.708166,30.5,68.7,0,ESP32
2026-08-29T12:57:59.919777,30.5,68.7,0,ESP32
2026-08-29T12:58:05.105979,30.5,68.8,0,ESP32
2026-08-29T12:58:10.327025,30.5,68.8,0,ESP32
2026-08-29T12:58:15.568292,30.5,69.0,0,ESP32
2026-08-29T12:58:20.892509,30.5,68.8,0,ESP32
2026-08-29T12:58:27.364757,30.5,68.8,0,ESP32
2026-08-29T12:58:32.657915,30.5,68.8,0,ESP32
2026-08-29T12:58:37.899302,30.5,68.8,0,ESP32
2026-08-29T12:58:43.133927,30.5,68.8,0,ESP32
2026-08-29T12:58:48.292105,30.5,68.8,0,ESP32
2026-08-29T12:58:53.508203,30.6,68.8,0,ESP32
2026-08-29T12:58:58.746159,30.6,68.7,0,ESP32
2026-08-29T12:59:03.902058,30.6,68.7,0,ESP32
2026-08-29T12:59:09.053534,30.6,68.7,0,ESP32
2026-08-29T12:59:14.223702,30.5,69.0,0,ESP32
2026-08-29T12:59:19.393252,30.5,68.7,0,ESP32
2026-08-29T12:59:24.560435,30.5,68.7,0,ESP32
2026-08-29T12:59:29.764183,30.5,68.8,0,ESP32
2026-08-29T12:59:35.379024,30.5,69.0,0,ESP32
2026-08-29T12:59:41.096255,30.5,69.0,0,ESP32
2026-08-29T12:59:46.336866,30.5,69.0,0,ESP32
2026-08-29T12:59:51.619353,30.5,69.1,0,ESP32
2026-08-29T12:59:56.889599,30.3,69.1,0,ESP32
2026-08-29T13:00:02.104799,30.5,69.0,0,ESP32
2026-08-29T13:00:07.283886,30.6,69.0,0,ESP32
2026-08-29T13:00:12.509066,30.6,68.8,0,ESP32
2026-08-29T13:00:17.754845,30.6,68.8,0,ESP32
2026-08-29T13:00:23.074693,30.5,68.8,0,ESP32
2026-08-29T13:00:28.267652,30.6,68.8,0,ESP32
2026-08-29T13:00:33.479895,30.6,68.8,0,ESP32
2026-08-29T13:00:38.723768,30.5,68.8,0,ESP32
2026-08-29T13:00:43.873048,30.6,68.8,0,ESP32
2026-08-29T13:00:49.126609,30.6,68.8,0,ESP32
2026-08-29T13:00:54.410775,30.6,68.8,0,ESP32
2026-08-29T13:00:59.694668,30.6,68.7,0,ESP32
2026-08-29T13:01:04.867786,30.6,68.7,0,ESP32
2026-08-29T13:01:10.034385,30.6,68.7,0,ESP32
2026-08-29T13:01:26.746892,30.6,68.7,0,ESP32
2026-08-29T13:01:26.749929,30.6,68.7,0,ESP32
2026-08-29T13:01:32.253506,30.6,68.8,0,ESP32
2026-08-29T13:01:37.582089,30.6,68.7,0,ESP32
2026-08-29T13:01:42.783380,30.6,68.7,0,ESP32
2026-08-29T13:01:50.625377,30.6,68.7,0,ESP32
2026-08-29T13:01:55.857716,30.7,68.7,0,ESP32
2026-08-29T13:02:01.103979,30.7,68.6,0,ESP32
2026-08-29T13:02:06.417527,30.4,68.7,0,ESP32
2026-08-29T13:02:11.660964,30.7,68.4,0,ESP32
2026-08-29T13:02:16.904526,30.7,68.3,0,ESP32
2026-08-29T13:02:22.108977,30.7,68.3,0,ESP32
2026-08-29T13:02:27.307689,30.8,68.1,0,ESP32
2026-08-29T13:02:32.632583,30.8,68.0,0,ESP32
2026-08-29T13:02:37.916270,30.8,67.9,0,ESP32
2026-08-29T13:02:43.092685,30.9,67.9,0,ESP32
2026-08-29T13:02:48.369518,30.9,67.7,0,ESP32
2026-08-29T13:02:53.690892,30.9,67.6,0,ESP32
2026-08-29T13:02:58.839027,30.9,67.5,0,ESP32
2026-08-29T13:03:04.189941,31.0,67.3,0,ESP32
2026-08-29T13:03:09.350455,31.0,67.2,0,ESP32
2026-08-29T13:03:14.575723,31.0,67.1,0,ESP32
2026-08-29T13:03:19.846135,31.1,67.0,0,ESP32
2026-08-29T13:03:25.102420,31.0,67.0,0,ESP32
2026-08-29T13:03:30.553447,31.1,66.6,0,ESP32
2026-08-29T13:03:35.849412,31.2,66.7,0,ESP32
2026-08-29T13:03:41.056328,31.1,66.6,0,ESP32
2026-08-29T13:03:46.319401,31.0,66.5,0,ESP32
2026-08-29T13:03:51.498839,31.1,66.5,0,ESP32
2026-08-29T13:03:56.766479,31.0,66.6,0,ESP32
2026-08-29T13:04:01.934475,31.0,66.6,0,ESP32
2026-08-29T13:04:07.180557,31.0,66.5,0,ESP32
2026-08-29T13:04:12.409724,31.0,66.7,0,ESP32
2026-08-29T13:04:17.611308,30.9,66.9,0,ESP32
2026-08-29T13:04:22.869413,30.9,67.0,0,ESP32
2026-08-29T13:04:28.075676,30.9,67.1,0,ESP32
2026-08-29T13:04:33.271863,30.9,67.2,0,ESP32
2026-08-29T13:04:38.515118,30.8,67.3,0,ESP32
2026-08-29T13:04:43.727308,30.8,67.3,0,ESP32
2026-08-29T13:04:48.917758,30.8,67.3,0,ESP32
2026-08-29T13:04:54.210718,30.8,67.4,0,ESP32
2026-08-29T13:04:59.412197,30.8,67.5,0,ESP32
2026-08-29T13:05:04.611687,30.8,67.5,0,ESP32
2026-08-29T13:05:09.878551,30.8,67.6,0,ESP32
2026-08-29T13:05:15.079990,30.7,67.7,0,ESP32
2026-08-29T13:05:20.230382,30.7,67.9,0,ESP32
2026-08-29T13:05:25.495387,30.7,67.9,0,ESP32
2026-08-29T13:05:30.738104,30.7,67.9,0,ESP32
2026-08-29T13:05:35.893786,30.7,67.9,0,ESP32
2026-08-29T13:05:41.212378,30.7,68.0,0,ESP32
2026-08-29T13:05:46.465243,30.7,68.0,0,ESP32
2026-08-29T13:05:51.781191,30.7,68.0,0,ESP32
2026-08-29T13:05:57.011698,30.7,68.0,0,ESP32
2026-08-29T13:06:02.265707,30.7,67.9,0,ESP32
2026-08-29T13:06:07.442548,30.7,67.9,0,ESP32
2026-08-29T13:06:12.669502,30.7,68.0,0,ESP32
2026-08-29T13:06:17.912359,30.7,68.0,0,ESP32
2026-08-29T13:06:23.236816,30.7,68.0,0,ESP32
2026-08-29T13:06:28.561972,30.7,68.0,0,ESP32
2026-08-29T13:06:33.764286,30.6,68.0,0,ESP32
2026-08-29T13:06:38.932621,30.6,68.1,0,ESP32
2026-08-29T13:06:44.331414,30.6,68.1,0,ESP32
2026-08-29T13:06:49.478876,30.6,68.2,0,ESP32
2026-08-29T13:06:55.131725,30.6,68.2,0,ESP32
2026-08-29T13:07:01.643104,30.6,68.2,0,ESP32
2026-08-29T13:07:07.311476,30.6,68.2,0,ESP32
2026-08-29T13:07:12.593861,30.5,68.3,0,ESP32
2026-08-29T13:07:17.800382,30.5,68.4,0,ESP32
2026-08-29T13:07:23.079730,30.6,68.4,0,ESP32
2026-08-29T13:07:28.225030,30.5,68.4,0,ESP32
2026-08-29T13:07:33.483759,30.5,68.4,0,ESP32
2026-08-29T13:07:38.734515,30.5,68.4,0,ESP32
2026-08-29T13:07:43.969317,30.5,68.4,0,ESP32
2026-08-29T13:07:49.171146,30.5,68.5,0,ESP32
2026-08-29T13:07:54.422411,30.5,68.3,0,ESP32
2026-08-29T13:07:59.739215,30.5,68.4,0,ESP32
2026-08-29T13:08:05.010074,30.5,68.4,0,ESP32
2026-08-29T13:08:10.161130,30.5,68.4,0,ESP32
2026-08-29T13:08:15.357729,30.5,68.4,0,ESP32
2026-08-29T13:08:20.595536,30.5,68.5,0,ESP32
2026-08-29T13:08:25.789115,30.5,68.5,0,ESP32
2026-08-29T13:08:31.050256,30.5,68.5,0,ESP32
2026-08-29T13:08:36.317150,30.5,68.6,0,ESP32
2026-08-29T13:08:41.538452,30.5,68.6,0,ESP32
2026-08-29T13:08:46.708478,30.5,68.6,0,ESP32
2026-08-29T13:08:51.967562,30.5,68.7,0,ESP32
2026-08-29T13:08:57.287708,30.5,68.7,0,ESP32
2026-08-29T13:09:02.602263,30.5,68.7,0,ESP32
2026-08-29T13:09:07.815358,30.5,68.7,0,ESP32
2026-08-29T13:09:13.008866,30.5,68.7,0,ESP32
2026-08-29T13:09:18.239090,30.5,68.8,0,ESP32
2026-08-29T13:09:23.503486,30.5,68.7,0,ESP32
2026-08-29T13:09:28.743896,30.5,68.8,0,ESP32
2026-08-29T13:09:33.903644,30.5,65.3,0,ESP32
2026-08-29T13:09:39.232606,30.5,67.6,0,ESP32
2026-08-29T13:09:44.575590,30.5,68.7,0,ESP32
2026-08-29T13:09:50.167326,30.5,68.8,0,ESP32
2026-08-29T13:09:55.341163,30.5,68.9,0,ESP32
2026-08-29T13:10:00.653035,30.5,68.9,0,ESP32
2026-08-29T13:10:05.977598,30.5,68.8,0,ESP32
2026-08-29T13:10:11.220696,30.5,69.0,0,ESP32
2026-08-29T13:10:16.422367,30.5,68.9,0,ESP32
2026-08-29T13:10:21.667918,30.5,68.8,0,ESP32
2026-08-29T13:10:26.828118,30.5,68.8,0,ESP32
2026-08-29T13:10:32.084992,30.5,65.5,0,ESP32
2026-08-29T13:10:37.351983,30.5,68.5,0,ESP32
2026-08-29T13:10:42.519494,30.5,68.8,0,ESP32
2026-08-29T13:10:47.770504,30.5,68.9,0,ESP32
2026-08-29T13:10:53.041268,30.5,69.0,0,ESP32
2026-08-29T13:10:58.370055,30.5,69.0,0,ESP32
2026-08-29T13:11:03.690228,30.5,69.2,0,ESP32
2026-08-29T13:11:08.894429,30.5,69.3,0,ESP32
2026-08-29T13:11:14.093022,30.5,69.1,0,ESP32
2026-08-29T13:11:19.259450,30.6,69.1,0,ESP32
2026-08-29T13:11:24.456277,30.6,69.1,0,ESP32
2026-08-29T13:11:29.629123,30.6,69.0,0,ESP32
2026-08-29T13:11:34.901918,30.6,69.0,0,ESP32
2026-08-29T13:11:40.379216,30.7,68.8,0,ESP32
2026-08-29T13:11:46.251489,30.6,68.8,0,ESP32
2026-08-29T13:11:51.583013,30.7,68.7,0,ESP32
2026-08-29T13:11:56.770115,30.7,68.5,0,ESP32
2026-08-29T13:12:02.017529,30.7,68.6,0,ESP32
2026-08-29T13:12:07.381877,30.6,68.5,0,ESP32
2026-08-29T13:12:12.710913,30.7,68.6,0,ESP32
2026-08-29T13:12:17.992115,30.6,68.5,0,ESP32
2026-08-29T13:12:23.316833,30.6,68.4,0,ESP32
2026-08-29T13:12:28.559892,30.7,68.4,0,ESP32
2026-08-29T13:12:33.760606,30.6,68.4,0,ESP32
2026-08-29T13:12:39.047895,30.6,68.4,0,ESP32
2026-08-29T13:12:44.217390,30.7,68.4,0,ESP32
2026-08-29T13:12:49.462293,30.7,68.4,0,ESP32
2026-08-29T13:12:54.663959,30.7,68.5,0,ESP32
2026-08-29T13:12:59.893432,30.7,68.5,0,ESP32
2026-08-29T13:13:05.087828,30.7,68.5,0,ESP32
2026-08-29T13:13:10.399982,30.7,68.4,0,ESP32
2026-08-29T13:13:15.621573,30.7,68.4,0,ESP32
2026-08-29T13:13:20.951750,30.7,68.4,0,ESP32
2026-08-29T13:13:26.191403,30.7,68.4,0,ESP32
2026-08-29T13:13:31.513727,30.7,68.3,0,ESP32
2026-08-29T13:13:36.779966,30.7,68.3,0,ESP32
2026-08-29T13:13:42.040385,30.7,68.3,0,ESP32
2026-08-29T13:13:47.243950,30.7,68.2,0,ESP32
2026-08-29T13:13:52.486746,30.7,68.1,0,ESP32
2026-08-29T13:13:57.688793,30.7,68.1,0,ESP32
2026-08-29T13:14:03.350810,30.7,68.1,0,ESP32
2026-08-29T13:14:08.635045,30.7,68.1,0,ESP32
2026-08-29T13:14:13.922350,30.7,68.1,0,ESP32
2026-08-29T13:14:19.167459,30.7,68.1,0,ESP32
2026-08-29T13:14:24.435032,30.7,68.0,0,ESP32
2026-08-29T13:14:29.691061,30.8,67.9,0,ESP32
2026-08-29T13:14:34.888505,30.7,68.0,0,ESP32
2026-08-29T13:14:40.208655,30.7,68.0,0,ESP32
2026-08-29T13:14:45.531039,30.7,68.0,0,ESP32
2026-08-29T13:14:50.855936,30.7,68.0,0,ESP32
2026-08-29T13:14:56.108158,30.7,67.8,0,ESP32
2026-08-29T13:15:01.310211,30.7,67.9,0,ESP32
2026-08-29T13:15:06.501520,30.7,68.0,0,ESP32
2026-08-29T13:15:11.826872,30.8,67.8,0,ESP32
2026-08-29T13:15:16.999640,30.8,67.7,0,ESP32
2026-08-29T13:15:22.278680,30.8,67.7,0,ESP32
2026-08-29T13:15:27.596262,30.8,67.6,0,ESP32
2026-08-29T13:15:32.772733,30.8,67.6,0,ESP32
2026-08-29T13:15:37.991146,30.8,67.5,0,ESP32
2026-08-29T13:15:43.240945,30.8,67.5,0,ESP32
2026-08-29T13:15:48.487822,30.8,67.5,0,ESP32
2026-08-29T13:15:53.729453,30.8,67.5,0,ESP32
2026-08-29T13:15:58.942882,30.8,67.5,0,ESP32
2026-08-29T13:16:04.173579,30.8,67.5,0,ESP32
2026-08-29T13:16:09.417550,30.8,67.5,0,ESP32
2026-08-29T13:16:14.659036,30.8,67.5,0,ESP32
2026-08-29T13:16:19.864931,30.7,67.5,0,ESP32
2026-08-29T13:16:25.103689,30.8,67.4,0,ESP32
2026-08-29T13:16:30.416609,30.8,67.4,0,ESP32
2026-08-29T13:16:35.601703,30.8,67.5,0,ESP32
2026-08-29T13:16:40.857388,30.8,67.5,0,ESP32
2026-08-29T13:16:46.116216,30.8,67.6,0,ESP32
2026-08-29T13:16:51.333751,30.8,67.5,0,ESP32
2026-08-29T13:16:56.560007,30.8,67.4,0,ESP32
2026-08-29T13:17:01.761357,30.8,67.5,0,ESP32
2026-08-29T13:17:07.015800,30.7,67.6,0,ESP32
2026-08-29T13:17:12.289470,30.7,67.6,0,ESP32
2026-08-29T13:17:17.699782,30.7,67.7,0,ESP32
2026-08-29T13:17:22.870910,30.8,67.7,0,ESP32
2026-08-29T13:17:28.077350,30.7,67.7,0,ESP32
2026-08-29T13:17:33.389046,30.7,67.8,0,ESP32
2026-08-29T13:17:38.626566,30.7,67.7,0,ESP32
2026-08-29T13:17:43.797992,30.7,67.7,0,ESP32
2026-08-29T13:17:48.979150,30.7,67.8,0,ESP32
2026-08-29T13:17:54.191417,30.6,67.9,0,ESP32
2026-08-29T13:17:59.484181,30.6,68.0,0,ESP32
2026-08-29T13:18:04.757875,30.6,68.0,0,ESP32
2026-08-29T13:18:09.968827,30.6,68.2,0,ESP32
2026-08-29T13:18:15.244803,30.6,68.2,0,ESP32
2026-08-29T13:18:20.417130,30.6,68.3,0,ESP32
2026-08-29T13:18:25.562313,30.5,68.4,0,ESP32
2026-08-29T13:18:30.768979,30.5,68.4,0,ESP32
2026-08-29T13:18:36.029933,30.5,68.5,0,ESP32
2026-08-29T13:18:41.294031,30.5,68.6,0,ESP32
2026-08-29T13:18:46.539456,30.5,68.6,0,ESP32
2026-08-29T13:18:51.799321,30.5,68.6,0,ESP32
2026-08-29T13:18:57.091798,30.5,68.6,0,ESP32
2026-08-29T13:19:02.442990,30.5,68.6,0,ESP32
2026-08-29T13:19:07.824495,30.5,68.8,0,ESP32
2026-08-29T13:19:13.125169,30.4,68.8,0,ESP32
2026-08-29T13:19:18.364147,30.5,68.8,0,ESP32
2026-08-29T13:19:23.620386,30.4,69.1,0,ESP32
2026-08-29T13:19:28.860313,30.4,69.1,0,ESP32
2026-08-29T13:19:34.133912,30.4,69.1,0,ESP32
2026-08-29T13:19:39.458867,30.4,69.1,0,ESP32
2026-08-29T13:19:44.742504,30.4,69.1,0,ESP32
2026-08-29T13:19:49.935449,30.4,69.1,0,ESP32
2026-08-29T13:19:55.146458,30.4,69.1,0,ESP32
2026-08-29T13:20:00.407321,30.4,69.1,0,ESP32
2026-08-29T13:20:05.673242,30.4,69.1,0,ESP32
2026-08-29T13:20:10.931847,30.9,69.0,0,ESP32
2026-08-29T13:20:16.089277,30.4,69.1,0,ESP32
2026-08-29T13:20:21.291720,30.4,69.2,0,ESP32
2026-08-29T13:20:26.605055,30.4,69.3,0,ESP32
2026-08-29T13:20:31.887440,30.4,69.3,0,ESP32
2026-08-29T13:20:37.172227,30.3,69.3,0,ESP32
2026-08-29T13:20:42.362086,30.4,69.4,0,ESP32
2026-08-29T13:20:47.575245,30.3,69.4,0,ESP32
2026-08-29T13:20:52.830247,30.4,69.4,0,ESP32
2026-08-29T13:20:58.101778,30.4,69.4,0,ESP32
2026-08-29T13:21:03.439311,30.4,69.5,0,ESP32
2026-08-29T13:21:08.624350,30.4,69.5,0,ESP32
2026-08-29T13:21:25.594211,30.4,69.5,0,ESP32
2026-08-29T13:21:25.598587,30.4,69.6,0,ESP32
2026-08-29T13:21:30.902718,30.4,69.4,0,ESP32
2026-08-29T13:21:36.162068,30.5,69.2,0,ESP32
2026-08-29T13:21:41.439335,30.5,69.2,0,ESP32
2026-08-29T13:21:46.605573,30.5,69.1,0,ESP32
2026-08-29T13:21:51.925198,30.5,69.1,0,ESP32
2026-08-29T13:21:57.082695,30.5,69.0,0,ESP32
2026-08-29T13:22:02.348787,30.5,69.0,0,ESP32
2026-08-29T13:22:07.518233,30.5,69.0,0,ESP32
2026-08-29T13:22:12.753866,30.5,68.8,0,ESP32
2026-08-29T13:22:18.075636,30.5,68.8,0,ESP32
2026-08-29T13:22:23.273612,30.5,68.8,173,ESP32
2026-08-29T13:22:28.664504,30.5,68.8,0,ESP32
2026-08-29T13:22:33.999374,30.6,68.8,0,ESP32
2026-08-29T13:22:42.952666,30.7,68.7,0,ESP32
2026-08-29T13:22:48.133879,30.7,68.6,0,ESP32
2026-08-29T13:22:53.365990,30.8,68.3,0,ESP32
2026-08-29T13:22:58.688269,30.9,68.1,0,ESP32
2026-08-29T13:23:03.963132,30.9,67.9,0,ESP32
2026-08-29T13:23:09.122492,31.0,67.6,0,ESP32
2026-08-29T13:23:14.375919,31.0,67.4,0,ESP32
2026-08-29T13:23:19.701177,31.1,67.3,0,ESP32
2026-08-29T13:23:24.944774,31.1,67.2,0,ESP32
2026-08-29T13:23:30.145621,31.2,67.2,0,ESP32
2026-08-29T13:23:35.388236,31.2,67.1,0,ESP32
2026-08-29T13:23:40.660468,31.2,66.9,0,ESP32
2026-08-29T13:23:45.811599,31.2,66.8,0,ESP32
2026-08-29T13:23:51.262020,31.3,66.5,0,ESP32
2026-08-29T13:23:56.504411,31.3,66.1,0,ESP32
2026-08-29T13:24:01.724092,31.3,66.0,0,ESP32
2026-08-29T13:24:06.968481,31.3,65.8,0,ESP32
2026-08-29T13:24:12.384984,31.3,65.8,0,ESP32
2026-08-29T13:24:17.599122,31.3,65.7,0,ESP32
2026-08-29T13:24:22.859254,31.3,65.6,0,ESP32
2026-08-29T13:24:28.035520,31.3,65.6,0,ESP32
2026-08-29T13:24:33.239725,31.3,65.6,0,ESP32
2026-08-29T13:24:38.507517,31.3,65.6,0,ESP32
2026-08-29T13:24:43.750620,31.3,65.6,0,ESP32
2026-08-29T13:24:49.007484,31.4,65.5,0,ESP32
2026-08-29T13:24:54.246470,31.4,65.5,0,ESP32
2026-08-29T13:24:59.479111,31.4,65.5,0,ESP32
2026-08-29T13:25:04.737786,31.4,65.5,0,ESP32
2026-08-29T13:25:09.964087,31.4,65.3,0,ESP32
2026-08-29T13:25:15.292796,31.4,65.3,0,ESP32
2026-08-29T13:25:20.540295,31.4,65.3,0,ESP32
2026-08-29T13:25:25.859624,31.4,65.2,0,ESP32
2026-08-29T13:25:31.061325,31.5,65.1,0,ESP32
2026-08-29T13:25:36.384166,31.4,65.1,0,ESP32
2026-08-29T13:25:41.709049,31.5,65.0,0,ESP32
2026-08-29T13:25:46.911480,31.5,65.0,0,ESP32
2026-08-29T13:25:52.167229,31.5,65.0,0,ESP32
2026-08-29T13:25:57.367027,31.5,65.0,0,ESP32
2026-08-29T13:26:02.532755,31.5,64.9,0,ESP32
2026-08-29T13:26:08.058414,31.5,64.4,0,ESP32
2026-08-29T13:26:13.414963,31.5,64.9,0,ESP32
2026-08-29T13:26:18.564341,31.5,64.8,0,ESP32
2026-08-29T13:26:23.775167,31.5,64.8,0,ESP32
2026-08-29T13:26:29.099727,31.5,64.8,0,ESP32
2026-08-29T13:26:34.261966,31.5,64.8,0,ESP32
2026-08-29T13:26:39.544538,31.5,64.8,0,ESP32
2026-08-29T13:26:44.825678,31.5,64.8,0,ESP32
2026-08-29T13:26:50.071263,31.6,64.8,0,ESP32
2026-08-29T13:26:55.314240,31.5,64.7,0,ESP32
2026-08-29T13:27:00.598634,31.5,64.7,0,ESP32
2026-08-29T13:27:05.840546,31.5,64.7,0,ESP32
2026-08-29T13:27:11.166239,31.6,64.7,0,ESP32
2026-08-29T13:27:16.490261,31.5,64.7,0,ESP32
2026-08-29T13:27:21.774237,31.5,64.6,0,ESP32
2026-08-29T13:27:26.920920,31.5,64.5,0,ESP32
2026-08-29T13:27:32.107475,31.5,64.5,0,ESP32
2026-08-29T13:27:37.382361,31.5,64.5,0,ESP32
2026-08-29T13:27:46.486895,31.5,64.5,0,ESP32
2026-08-29T13:27:51.923858,31.5,64.5,0,ESP32
2026-08-29T13:27:57.098654,31.5,64.6,0,ESP32
2026-08-29T13:28:02.327661,31.5,65.2,0,ESP32
2026-08-29T13:28:07.576713,31.5,64.7,0,ESP32
2026-08-29T13:28:12.852177,31.5,64.7,0,ESP32
2026-08-29T13:28:18.267814,31.5,64.7,0,ESP32
2026-08-29T13:28:23.715462,31.5,64.5,0,ESP32
2026-08-29T13:28:29.073386,31.5,64.5,0,ESP32
2026-08-29T13:28:34.271842,31.5,64.6,0,ESP32
2026-08-29T13:28:39.771789,31.5,64.6,0,ESP32
2026-08-29T13:28:45.050466,31.5,64.7,0,ESP32
2026-08-29T13:28:50.370739,31.5,64.8,0,ESP32
2026-08-29T13:28:55.572710,31.5,64.8,0,ESP32
2026-08-29T13:29:00.725809,31.5,64.7,0,ESP32
2026-08-29T13:29:06.147739,31.5,64.8,0,ESP32
2026-08-29T13:29:11.355739,31.5,64.8,0,ESP32
2026-08-29T13:29:16.600732,31.5,64.8,0,ESP32
2026-08-29T13:29:21.802861,31.4,64.9,0,ESP32
2026-08-29T13:29:27.030146,31.5,64.8,0,ESP32
2026-08-29T13:29:32.242684,31.4,64.9,0,ESP32
2026-08-29T13:29:37.493073,31.4,64.9,0,ESP32
2026-08-29T13:29:42.718300,31.4,64.9,0,ESP32
2026-08-29T13:29:47.974119,31.4,64.9,0,ESP32
2026-08-29T13:29:53.203230,31.4,64.9,0,ESP32
2026-08-29T13:29:58.386794,31.4,64.9,0,ESP32
2026-08-29T13:30:03.536084,31.4,64.9,0,ESP32
2026-08-29T13:30:08.695667,31.4,65.0,0,ESP32
2026-08-29T13:30:13.901664,31.4,65.0,0,ESP32
2026-08-29T13:30:19.131510,31.5,64.8,0,ESP32
2026-08-29T13:30:24.313743,31.3,64.9,0,ESP32
2026-08-29T13:30:29.578007,31.3,64.9,0,ESP32
2026-08-29T13:30:34.817126,31.3,65.0,0,ESP32
2026-08-29T13:30:40.060238,31.3,65.1,0,ESP32
2026-08-29T13:30:45.256289,31.2,65.3,0,ESP32
2026-08-29T13:30:50.438442,31.2,65.5,0,ESP32
2026-08-29T13:30:55.707998,31.2,65.6,0,ESP32
2026-08-29T13:31:00.951133,31.2,65.9,0,ESP32
2026-08-29T13:31:06.153214,31.0,66.0,0,ESP32
2026-08-29T13:31:11.435273,31.0,66.1,0,ESP32
2026-08-29T13:31:16.608089,31.0,66.3,0,ESP32
2026-08-29T13:31:21.785301,30.9,66.5,0,ESP32
2026-08-29T13:31:26.974497,30.9,66.6,0,ESP32
2026-08-29T13:31:32.245080,30.9,66.4,0,ESP32
2026-08-29T13:31:37.569499,30.9,66.7,0,ESP32
2026-08-29T13:31:42.895783,30.9,66.9,0,ESP32
2026-08-29T13:31:48.149182,30.8,67.0,0,ESP32
2026-08-29T13:31:53.550485,30.8,67.0,0,ESP32
2026-08-29T13:31:58.802738,30.8,67.1,0,ESP32
2026-08-29T13:32:04.001976,30.8,67.2,0,ESP32
2026-08-29T13:32:09.251864,30.8,67.3,0,ESP32
2026-08-29T13:32:14.556158,30.8,67.3,0,ESP32
2026-08-29T13:32:19.799396,30.8,67.5,0,ESP32
2026-08-29T13:32:25.127291,30.7,67.7,0,ESP32
2026-08-29T13:32:30.458001,30.7,67.7,0,ESP32
2026-08-29T13:32:35.691720,30.7,67.7,0,ESP32
2026-08-29T13:32:40.934635,30.8,67.8,0,ESP32
2026-08-29T13:32:46.180461,30.8,67.7,0,ESP32
2026-08-29T13:32:51.381429,30.7,67.9,0,ESP32
2026-08-29T13:32:56.599238,30.8,67.8,0,ESP32
2026-08-29T13:33:01.864380,30.8,67.9,0,ESP32
2026-08-29T13:33:07.135149,30.8,67.9,0,ESP32
2026-08-29T13:33:12.392105,30.8,67.8,0,ESP32
2026-08-29T13:33:17.645487,30.8,67.8,0,ESP32
2026-08-29T13:33:22.920462,30.8,67.7,0,ESP32
2026-08-29T13:33:28.174550,30.8,67.7,0,ESP32
2026-08-29T13:33:33.528014,30.8,67.7,0,ESP32
2026-08-29T13:33:38.732384,30.8,67.7,0,ESP32
2026-08-29T13:33:43.931312,30.8,67.7,0,ESP32
2026-08-29T13:33:49.256076,30.8,67.7,0,ESP32
2026-08-29T13:33:54.457829,30.8,67.7,0,ESP32
2026-08-29T13:33:59.618666,30.8,67.7,0,ESP32
2026-08-29T13:34:04.820557,30.8,67.7,0,ESP32
2026-08-29T13:34:10.103961,30.8,67.7,0,ESP32
2026-08-29T13:34:15.284734,30.9,67.7,0,ESP32
2026-08-29T13:34:20.553488,30.8,67.7,0,ESP32
2026-08-29T13:34:25.791774,30.9,68.1,0,ESP32
2026-08-29T13:34:31.034757,30.9,67.7,0,ESP32
2026-08-29T13:34:36.291404,30.9,67.7,0,ESP32
2026-08-29T13:34:41.561844,30.9,67.6,0,ESP32
2026-08-29T13:34:46.775954,30.9,67.6,0,ESP32
2026-08-29T13:34:52.047622,30.9,67.5,0,ESP32
2026-08-29T13:34:57.331825,30.9,67.5,0,ESP32
2026-08-29T13:35:02.584652,30.9,67.4,0,ESP32
2026-08-29T13:35:07.824456,31.0,67.4,0,ESP32
2026-08-29T13:35:13.077765,31.0,67.2,0,ESP32
2026-08-29T13:35:18.343887,31.0,67.2,0,ESP32
2026-08-29T13:35:23.586879,31.0,67.1,0,ESP32
2026-08-29T13:35:28.840510,31.0,67.0,0,ESP32
2026-08-29T13:35:34.031687,30.9,67.0,0,ESP32
2026-08-29T13:35:39.275982,30.9,67.1,0,ESP32
2026-08-29T13:35:44.597763,30.9,67.1,0,ESP32
2026-08-29T13:35:49.883952,30.9,67.1,0,ESP32
2026-08-29T13:35:55.125984,30.9,67.2,0,ESP32
2026-08-29T13:36:00.450697,30.9,67.2,0,ESP32
2026-08-29T13:36:05.650971,30.9,67.2,0,ESP32
2026-08-29T13:36:10.857490,30.8,67.3,0,ESP32
2026-08-29T13:36:16.094889,30.9,67.4,0,ESP32
2026-08-29T13:36:21.350548,30.9,67.5,0,ESP32
2026-08-29T13:36:26.593954,30.9,67.5,0,ESP32
2026-08-29T13:36:31.785362,30.9,67.6,0,ESP32
2026-08-29T13:36:36.986905,30.9,67.5,0,ESP32
2026-08-29T13:36:42.188947,30.9,67.6,0,ESP32
2026-08-29T13:36:47.392896,30.9,67.6,0,ESP32
2026-08-29T13:36:52.567456,30.9,67.5,0,ESP32
2026-08-29T13:36:57.757339,30.9,67.5,0,ESP32
2026-08-29T13:37:02.974096,30.9,67.5,0,ESP32
2026-08-29T13:37:08.161431,30.9,67.4,0,ESP32
2026-08-29T13:37:13.416082,30.9,67.3,0,ESP32
2026-08-29T13:37:18.726118,30.9,67.4,0,ESP32
2026-08-29T13:37:23.881693,31.0,67.3,0,ESP32
2026-08-29T13:37:29.210748,30.9,67.3,0,ESP32
2026-08-29T13:37:34.457273,31.0,67.2,0,ESP32
2026-08-29T13:37:39.778702,31.0,67.2,0,ESP32
2026-08-29T13:37:45.023081,31.0,67.2,0,ESP32
2026-08-29T13:37:50.310783,30.9,67.3,0,ESP32
2026-08-29T13:37:55.928463,30.9,67.5,0,ESP32
2026-08-29T13:38:01.282628,30.9,67.6,0,ESP32
2026-08-29T13:38:06.566693,30.9,67.6,0,ESP32
2026-08-29T13:38:11.729122,30.9,67.7,0,ESP32
2026-08-29T13:38:16.981873,31.0,67.5,0,ESP32
2026-08-29T13:38:22.150238,31.0,67.5,0,ESP32
2026-08-29T13:38:27.346138,31.0,67.5,0,ESP32
2026-08-29T13:38:32.576127,31.0,67.5,0,ESP32
2026-08-29T13:38:37.824597,31.0,67.8,0,ESP32
2026-08-29T13:38:43.067964,31.0,67.6,0,ESP32
2026-08-29T13:38:48.264133,31.0,67.6,0,ESP32
2026-08-29T13:38:53.433571,31.0,67.7,0,ESP32
2026-08-29T13:38:58.626518,31.1,67.8,0,ESP32
2026-08-29T13:39:03.822016,31.1,67.6,0,ESP32
2026-08-29T13:39:09.000203,31.1,67.6,0,ESP32
2026-08-29T13:39:14.233198,31.1,67.6,0,ESP32
2026-08-29T13:39:19.488657,31.1,67.7,0,ESP32
2026-08-29T13:39:24.720585,31.1,67.8,0,ESP32
2026-08-29T13:39:29.919600,31.1,67.8,0,ESP32
2026-08-29T13:39:35.184583,31.1,67.9,0,ESP32
2026-08-29T13:39:40.446808,31.1,67.9,0,ESP32
2026-08-29T13:39:45.700334,31.2,64.3,0,ESP32
2026-08-29T13:39:50.905696,31.1,66.1,0,ESP32
2026-08-29T13:39:56.300933,31.1,67.6,0,ESP32
2026-08-29T13:40:01.562974,31.1,67.7,0,ESP32
2026-08-29T13:40:06.842819,31.1,67.8,0,ESP32
2026-08-29T13:40:12.071121,31.1,67.6,0,ESP32
2026-08-29T13:40:17.490923,31.1,67.6,0,ESP32
2026-08-29T13:40:22.696474,31.1,67.5,0,ESP32
2026-08-29T13:40:27.966807,31.1,67.5,0,ESP32
2026-08-29T13:40:33.214736,31.0,67.5,0,ESP32
2026-08-29T13:40:38.376979,31.0,67.5,0,ESP32
2026-08-29T13:40:43.648043,31.0,67.5,0,ESP32
2026-08-29T13:40:48.891614,31.1,67.5,0,ESP32
2026-08-29T13:40:54.036987,31.1,67.5,0,ESP32
2026-08-29T13:40:59.299873,31.1,67.6,0,ESP32
2026-08-29T13:41:04.578404,31.1,67.8,0,ESP32
2026-08-29T13:41:09.824999,31.2,67.8,0,ESP32
2026-08-29T13:41:15.001549,31.1,67.8,0,ESP32
2026-08-29T13:41:20.309395,31.2,67.9,0,ESP32
2026-08-29T13:41:25.512437,31.2,67.6,0,ESP32
2026-08-29T13:41:30.762890,31.1,67.6,0,ESP32
2026-08-29T13:41:35.996808,31.2,67.5,0,ESP32
2026-08-29T13:41:41.238242,31.2,67.5,0,ESP32
2026-08-29T13:41:46.404917,31.1,67.5,0,ESP32
2026-08-29T13:41:51.647422,31.1,67.4,0,ESP32
2026-08-29T13:41:56.927428,31.2,67.4,0,ESP32
2026-08-29T13:42:02.250250,31.1,67.4,0,ESP32
2026-08-29T13:42:07.573502,31.1,67.4,0,ESP32
2026-08-29T13:42:12.825925,31.1,67.4,0,ESP32
2026-08-29T13:42:18.143608,31.1,67.4,0,ESP32
2026-08-29T13:42:23.426580,31.0,67.4,0,ESP32
2026-08-29T13:42:28.628178,31.1,67.5,0,ESP32
2026-08-29T13:42:33.953537,31.0,67.5,0,ESP32
2026-08-29T13:42:39.206729,31.0,67.5,0,ESP32
2026-08-29T13:42:44.413932,31.0,67.6,0,ESP32
2026-08-29T13:42:53.140321,31.4,64.3,0,ESP32
2026-08-29T13:42:58.406926,31.0,67.4,0,ESP32
2026-08-29T13:43:03.692177,30.9,67.7,0,ESP32
2026-08-29T13:43:08.974178,31.0,67.8,0,ESP32
2026-08-29T13:43:14.299101,31.0,67.8,0,ESP32
2026-08-29T13:43:19.582862,31.0,67.9,0,ESP32
2026-08-29T13:43:24.831739,30.9,68.1,0,ESP32
2026-08-29T13:43:30.029692,30.9,68.1,0,ESP32
2026-08-29T13:43:35.270219,30.9,68.1,0,ESP32
2026-08-29T13:43:40.594943,30.9,68.1,0,ESP32
2026-08-29T13:43:45.837722,31.0,68.0,0,ESP32
2026-08-29T13:43:51.089769,30.9,68.1,0,ESP32
2026-08-29T13:43:56.330563,30.9,68.1,0,ESP32
2026-08-29T13:44:01.648506,30.9,68.2,0,ESP32
2026-08-29T13:44:07.020074,30.9,68.3,0,ESP32
2026-08-29T13:44:12.257240,30.9,68.3,0,ESP32
2026-08-29T13:44:17.414022,30.9,68.4,0,ESP32
2026-08-29T13:44:22.668004,30.8,68.4,0,ESP32
2026-08-29T13:44:27.944705,30.8,68.4,0,ESP32
2026-08-29T13:44:33.187973,30.8,68.5,0,ESP32
2026-08-29T13:44:38.444241,30.8,68.5,0,ESP32
2026-08-29T13:44:43.627898,30.8,68.5,0,ESP32
2026-08-29T13:44:48.875946,30.8,68.6,0,ESP32
2026-08-29T13:44:54.032637,30.8,68.6,0,ESP32
2026-08-29T13:44:59.290949,30.8,68.6,0,ESP32
2026-08-29T13:45:04.530230,30.8,68.6,0,ESP32
2026-08-29T13:45:09.847778,30.8,68.7,0,ESP32
2026-08-29T13:45:15.097429,30.8,68.7,0,ESP32
2026-08-29T13:45:20.414853,30.8,68.7,0,ESP32
2026-08-29T13:45:25.622737,30.9,63.3,0,ESP32
2026-08-29T13:45:30.850526,30.8,68.3,0,ESP32
2026-08-29T13:45:36.061397,30.8,68.7,0,ESP32
2026-08-29T13:45:41.281839,30.9,68.8,0,ESP32
2026-08-29T13:45:46.532083,30.9,68.9,0,ESP32
2026-08-29T13:45:51.747717,31.0,68.6,0,ESP32
2026-08-29T13:45:57.034264,31.0,68.5,0,ESP32
2026-08-29T13:46:02.280322,31.0,68.4,0,ESP32
2026-08-29T13:46:07.456398,31.0,68.4,0,ESP32
2026-08-29T13:46:12.685961,31.1,68.4,0,ESP32
2026-08-29T13:46:17.879315,31.1,68.3,0,ESP32
2026-08-29T13:46:23.164040,31.1,68.2,0,ESP32
2026-08-29T13:46:28.429485,31.1,68.1,0,ESP32
2026-08-29T13:46:33.654653,31.1,68.0,0,ESP32
2026-08-29T13:46:38.807601,31.2,68.0,0,ESP32
2026-08-29T13:46:44.137449,31.1,67.9,0,ESP32
2026-08-29T13:46:49.340205,31.2,67.9,0,ESP32
2026-08-29T13:46:54.569264,31.2,67.9,0,ESP32
2026-08-29T13:46:59.743133,31.2,67.8,0,ESP32
2026-08-29T13:47:04.917200,31.2,64.4,0,ESP32
2026-08-29T13:47:10.228875,31.2,66.9,0,ESP32
2026-08-29T13:47:15.562568,31.2,67.6,0,ESP32
2026-08-29T13:47:20.803888,31.2,67.8,0,ESP32
2026-08-29T13:47:26.039988,31.3,67.7,0,ESP32
2026-08-29T13:47:31.446124,31.2,67.5,0,ESP32
2026-08-29T13:47:36.656604,31.3,61.2,0,ESP32
2026-08-29T13:47:41.849947,31.2,66.1,0,ESP32
2026-08-29T13:47:47.174393,31.2,67.2,0,ESP32
2026-08-29T13:47:52.458320,31.2,67.5,0,ESP32
2026-08-29T13:47:57.620067,31.2,67.6,0,ESP32
2026-08-29T13:48:02.772813,31.2,67.5,0,ESP32
2026-08-29T13:48:08.065577,31.3,67.4,0,ESP32
2026-08-29T13:48:13.316293,31.3,67.3,0,ESP32
2026-08-29T13:48:18.592581,31.3,67.1,0,ESP32
2026-08-29T13:48:23.761223,31.3,67.1,0,ESP32
2026-08-29T13:48:28.911496,31.3,67.0,0,ESP32
2026-08-29T13:48:34.116017,31.3,67.2,0,ESP32
2026-08-29T13:48:39.459522,31.3,67.1,0,ESP32
2026-08-29T13:48:44.682102,31.3,67.0,0,ESP32
2026-08-29T13:48:49.925064,31.4,67.0,0,ESP32
2026-08-29T13:48:55.249388,31.4,67.0,0,ESP32
2026-08-29T13:49:00.451679,31.4,66.9,0,ESP32
2026-08-29T13:49:05.703971,31.4,66.8,0,ESP32
2026-08-29T13:49:10.979463,31.5,66.6,0,ESP32
2026-08-29T13:49:16.147224,31.5,66.5,0,ESP32
2026-08-29T13:49:21.342291,31.5,66.4,0,ESP32
2026-08-29T13:49:26.589485,31.5,66.3,0,ESP32
2026-08-29T13:49:31.834492,31.5,66.3,0,ESP32
2026-08-29T13:49:37.081108,31.5,66.3,0,ESP32
2026-08-29T13:49:42.335019,31.5,66.3,0,ESP32
2026-08-29T13:49:47.678489,31.6,66.2,0,ESP32
2026-08-29T13:49:52.981271,31.6,66.1,0,ESP32
2026-08-29T13:49:58.205328,31.6,66.1,0,ESP32
2026-08-29T13:50:03.378914,31.6,66.0,0,ESP32
2026-08-29T13:50:08.578823,31.6,66.0,0,ESP32
2026-08-29T13:50:13.814856,31.5,65.9,0,ESP32
2026-08-29T13:50:18.977001,31.5,66.0,0,ESP32
2026-08-29T13:50:24.177057,31.5,66.1,0,ESP32
2026-08-29T13:50:29.375959,31.5,66.2,0,ESP32
2026-08-29T13:50:37.860113,31.5,66.3,0,ESP32
2026-08-29T13:50:43.458553,31.4,66.4,0,ESP32
2026-08-29T13:50:49.008294,31.4,66.5,0,ESP32
2026-08-29T13:50:54.201550,31.4,66.5,0,ESP32
2026-08-29T13:50:59.407577,31.4,66.6,0,ESP32
2026-08-29T13:51:04.571397,31.4,66.5,0,ESP32
2026-08-29T13:51:09.738405,31.4,66.5,0,ESP32
2026-08-29T13:51:14.971292,31.4,66.7,0,ESP32
2026-08-29T13:51:20.137555,31.4,66.7,0,ESP32
2026-08-29T13:51:25.450210,31.3,66.6,0,ESP32
2026-08-29T13:51:30.667804,31.3,66.6,0,ESP32
2026-08-29T13:51:35.895608,31.3,66.7,0,ESP32
2026-08-29T13:51:41.137688,31.3,66.7,0,ESP32
2026-08-29T13:51:46.341723,31.3,66.8,0,ESP32
2026-08-29T13:51:51.663602,31.3,66.8,0,ESP32
2026-08-29T13:51:56.907238,31.3,66.9,0,ESP32
2026-08-29T13:52:02.112383,31.3,66.9,0,ESP32
2026-08-29T13:52:07.353744,31.3,67.0,0,ESP32
2026-08-29T13:52:12.554036,31.3,67.0,0,ESP32
2026-08-29T13:52:17.754322,31.3,67.0,0,ESP32
2026-08-29T13:52:22.928144,31.3,67.1,0,ESP32
2026-08-29T13:52:28.200587,31.3,67.1,0,ESP32
2026-08-29T13:52:33.361338,31.3,67.1,0,ESP32
2026-08-29T13:52:38.567387,31.3,67.2,0,ESP32
2026-08-29T13:52:43.734249,31.3,67.2,0,ESP32
2026-08-29T13:52:48.896771,31.3,67.1,0,ESP32
2026-08-29T13:52:54.088011,31.3,67.1,0,ESP32
2026-08-29T13:52:59.384902,31.3,67.1,0,ESP32
2026-08-29T13:53:04.573086,31.3,67.0,0,ESP32
2026-08-29T13:53:09.739978,31.3,67.0,0,ESP32
2026-08-29T13:53:14.904757,31.3,67.0,0,ESP32
2026-08-29T13:53:20.149361,31.3,67.0,0,ESP32
2026-08-29T13:53:25.310912,31.3,67.0,0,ESP32
2026-08-29T13:53:30.489577,31.3,67.0,0,ESP32
2026-08-29T13:53:35.677731,31.3,67.0,0,ESP32
2026-08-29T13:53:40.831866,31.3,67.0,0,ESP32
2026-08-29T13:53:46.065608,31.3,67.0,0,ESP32
2026-08-29T13:53:51.308442,31.3,67.0,0,ESP32
2026-08-29T13:53:56.511569,31.3,67.0,0,ESP32
2026-08-29T13:54:01.682305,31.3,67.0,0,ESP32
2026-08-29T13:54:06.873558,31.3,67.0,0,ESP32
2026-08-29T13:54:12.200590,31.3,67.0,0,ESP32
2026-08-29T13:54:17.387420,31.3,67.0,0,ESP32
2026-08-29T13:54:22.541213,31.3,67.0,0,ESP32
2026-08-29T13:54:27.722529,31.3,67.0,0,ESP32
2026-08-29T13:54:32.923910,31.3,67.0,0,ESP32
2026-08-29T13:54:38.125677,31.3,67.2,0,ESP32
2026-08-29T13:54:43.410811,31.2,67.3,0,ESP32
2026-08-29T13:54:48.763266,31.2,67.4,0,ESP32
2026-08-29T13:54:54.018100,31.2,67.4,0,ESP32
2026-08-29T13:54:59.302139,31.2,67.5,0,ESP32
2026-08-29T13:55:04.630642,31.2,67.6,0,ESP32
2026-08-29T13:55:09.869911,31.1,67.8,0,ESP32
2026-08-29T13:55:15.029810,31.1,68.1,0,ESP32
2026-08-29T13:55:20.355918,31.1,68.2,0,ESP32
2026-08-29T13:55:25.639911,31.1,68.3,0,ESP32
2026-08-29T13:55:30.886546,31.0,68.3,0,ESP32
2026-08-29T13:55:36.208814,31.0,68.2,0,ESP32
2026-08-29T13:55:41.409325,31.0,68.2,0,ESP32
2026-08-29T13:55:46.623155,31.0,68.2,0,ESP32
2026-08-29T13:55:51.855988,31.0,68.2,0,ESP32
2026-08-29T13:55:57.178624,30.9,68.3,0,ESP32
2026-08-29T13:56:02.431091,31.0,68.2,0,ESP32
2026-08-29T13:56:07.748093,31.1,68.1,0,ESP32
2026-08-29T13:56:14.093534,31.1,68.3,0,ESP32
2026-08-29T13:56:19.461798,31.1,68.2,0,ESP32
2026-08-29T13:56:24.711520,31.2,68.2,0,ESP32
2026-08-29T13:56:29.905730,31.2,68.0,0,ESP32
2026-08-29T13:56:35.078186,31.2,68.0,0,ESP32
2026-08-29T13:56:40.309640,31.2,67.9,0,ESP32
2026-08-29T13:56:45.457421,31.3,67.7,0,ESP32
2026-08-29T13:56:50.632034,31.2,67.8,0,ESP32
2026-08-29T13:56:55.792181,31.2,67.8,0,ESP32
2026-08-29T13:57:00.995526,31.2,67.8,0,ESP32
2026-08-29T13:57:06.508955,31.2,67.7,0,ESP32
2026-08-29T13:57:11.677323,31.2,67.7,0,ESP32
2026-08-29T13:57:16.928024,31.2,67.7,0,ESP32
2026-08-29T13:57:22.336832,31.2,67.7,0,ESP32
2026-08-29T13:57:27.526562,31.2,67.6,0,ESP32
2026-08-29T13:57:32.738224,31.2,67.7,0,ESP32
2026-08-29T13:57:37.911495,31.2,67.6,0,ESP32
2026-08-29T13:57:43.117042,31.2,67.6,0,ESP32
2026-08-29T13:57:48.273223,31.2,67.5,0,ESP32
2026-08-29T13:57:53.525874,31.2,67.6,0,ESP32
2026-08-29T13:57:58.788833,31.2,67.6,0,ESP32
2026-08-29T13:58:03.963122,31.2,67.6,0,ESP32
2026-08-29T13:58:09.317402,31.2,67.6,0,ESP32
2026-08-29T13:58:14.640872,31.2,67.5,0,ESP32
2026-08-29T13:58:19.890372,31.2,67.4,0,ESP32
2026-08-29T13:58:25.109187,31.2,67.4,0,ESP32
2026-08-29T13:58:30.310434,31.2,67.4,0,ESP32
2026-08-29T13:58:35.470961,31.2,67.4,0,ESP32
2026-08-29T13:58:40.732025,31.2,67.4,0,ESP32
2026-08-29T13:58:46.024558,31.2,67.4,0,ESP32
2026-08-29T13:58:51.206712,31.2,67.4,0,ESP32
2026-08-29T13:58:56.468805,31.2,67.4,0,ESP32
2026-08-29T13:59:01.793940,31.2,67.4,0,ESP32
2026-08-29T13:59:07.068263,31.2,67.4,0,ESP32
2026-08-29T13:59:12.322146,31.2,67.5,0,ESP32
2026-08-29T13:59:17.598278,31.2,67.4,0,ESP32
2026-08-29T13:59:22.767316,31.2,67.5,0,ESP32
2026-08-29T13:59:28.123721,31.2,67.4,0,ESP32
2026-08-29T13:59:33.379330,31.2,67.4,0,ESP32
2026-08-29T13:59:38.587127,31.2,67.4,0,ESP32
2026-08-29T13:59:43.778397,31.2,67.5,0,ESP32
2026-08-29T13:59:49.105371,31.2,67.5,0,ESP32
2026-08-29T13:59:54.451882,31.1,67.5,0,ESP32
2026-08-29T14:00:00.031066,31.2,67.8,0,ESP32
2026-08-29T14:00:06.214964,31.1,67.8,0,ESP32
2026-08-29T14:00:12.254679,31.0,67.8,0,ESP32
2026-08-29T14:00:18.349304,31.1,67.9,0,ESP32
2026-08-29T14:00:24.452249,31.0,67.9,0,ESP32
2026-08-29T14:00:29.795695,31.0,68.0,0,ESP32
2026-08-29T14:00:35.051712,31.0,68.0,0,ESP32
2026-08-29T14:00:40.376067,30.9,68.2,0,ESP32
2026-08-29T14:00:45.597483,30.9,68.2,0,ESP32
2026-08-29T14:00:50.849209,30.9,68.3,0,ESP32
2026-08-29T14:00:56.063834,30.9,68.3,0,ESP32
2026-08-29T14:01:01.347545,30.9,68.4,0,ESP32
2026-08-29T14:01:06.550717,30.9,68.5,0,ESP32
2026-08-29T14:01:11.843693,30.9,68.5,0,ESP32
2026-08-29T14:01:17.037611,30.9,68.6,0,ESP32
2026-08-29T14:01:22.281229,30.9,68.6,0,ESP32
2026-08-29T14:01:27.529054,30.9,68.7,0,ESP32
2026-08-29T14:01:32.763476,30.8,68.7,0,ESP32
2026-08-29T14:01:38.036780,30.8,68.7,0,ESP32
2026-08-29T14:01:43.231500,30.8,68.7,0,ESP32
2026-08-29T14:01:48.451540,30.8,68.7,0,ESP32
2026-08-29T14:01:53.806542,30.8,68.9,0,ESP32
2026-08-29T14:01:58.998653,30.8,68.9,0,ESP32
2026-08-29T14:02:04.264277,30.8,68.9,0,ESP32
2026-08-29T14:02:09.772281,30.8,68.9,0,ESP32
2026-08-29T14:02:14.965463,30.8,68.9,0,ESP32
2026-08-29T14:02:20.235251,30.8,69.0,0,ESP32
2026-08-29T14:02:25.561233,30.8,69.0,0,ESP32
2026-08-29T14:02:30.867047,30.8,69.1,0,ESP32
2026-08-29T14:02:36.131108,30.5,69.2,0,ESP32
2026-08-29T14:02:41.332010,31.0,69.0,0,ESP32
2026-08-29T14:02:46.538517,30.7,69.2,0,ESP32
2026-08-29T14:02:51.864205,30.7,69.3,0,ESP32
2026-08-29T14:02:57.140316,30.7,69.3,0,ESP32
2026-08-29T14:03:02.326037,30.7,69.4,0,ESP32
2026-08-29T14:03:07.586507,30.7,69.4,0,ESP32
2026-08-29T14:03:12.828960,30.7,69.4,0,ESP32
2026-08-29T14:03:18.155435,30.7,63.5,0,ESP32
2026-08-29T14:03:23.479704,30.7,61.8,0,ESP32
2026-08-29T14:03:28.802294,31.0,67.5,0,ESP32
2026-08-29T14:03:34.130334,30.9,68.8,0,ESP32
2026-08-29T14:03:39.412389,30.8,69.1,0,ESP32
2026-08-29T14:03:44.660519,30.9,69.2,0,ESP32
2026-08-29T14:03:49.898256,30.9,69.2,0,ESP32
2026-08-29T14:03:55.148759,31.0,69.0,0,ESP32
2026-08-29T14:04:00.312086,31.0,68.8,0,ESP32
2026-08-29T14:04:05.626687,31.2,68.6,0,ESP32
2026-08-29T14:04:10.857295,31.3,68.4,0,ESP32
2026-08-29T14:04:16.174974,31.2,68.2,0,ESP32
2026-08-29T14:04:21.385916,31.4,68.0,0,ESP32
2026-08-29T14:04:26.721144,31.6,67.7,0,ESP32
2026-08-29T14:04:31.980444,31.5,67.6,0,ESP32
2026-08-29T14:04:42.243429,31.7,67.2,0,ESP32
2026-08-29T14:04:47.529908,31.7,67.1,0,ESP32
2026-08-29T14:04:52.812534,31.7,66.9,0,ESP32
2026-08-29T14:04:58.004102,31.7,66.6,0,ESP32
2026-08-29T14:05:03.384947,31.7,66.4,0,ESP32
2026-08-29T14:05:08.831437,31.7,66.3,0,ESP32
2026-08-29T14:05:16.985816,31.7,66.2,0,ESP32
2026-08-29T14:05:22.958942,31.7,66.1,0,ESP32
2026-08-29T14:05:28.540521,31.6,66.1,0,ESP32
2026-08-29T14:05:34.240633,31.7,61.8,0,ESP32
2026-08-29T14:05:39.479008,31.9,63.1,0,ESP32
2026-08-29T14:05:45.360577,31.7,66.3,0,ESP32
2026-08-29T14:05:50.742288,32.2,66.5,0,ESP32
2026-08-29T14:05:56.196704,31.4,67.1,0,ESP32
2026-08-29T14:06:01.522368,31.2,67.5,0,ESP32
2026-08-29T14:06:07.357361,31.2,67.8,0,ESP32
2026-08-29T14:06:13.035169,31.1,68.1,0,ESP32
2026-08-29T14:06:18.395423,31.0,68.4,0,ESP32
2026-08-29T14:06:23.733716,30.9,68.7,0,ESP32
2026-08-29T14:06:29.645047,30.8,69.0,0,ESP32
2026-08-29T14:06:35.582612,30.7,69.4,0,ESP32
2026-08-29T14:06:41.052065,30.7,69.6,0,ESP32
2026-08-29T14:06:46.287619,30.7,69.8,0,ESP32
2026-08-29T14:06:52.230541,30.7,69.8,0,ESP32
2026-08-29T14:06:58.231602,30.7,70.0,0,ESP32
2026-08-29T14:07:06.365632,30.7,70.2,0,ESP32
2026-08-29T14:07:12.731850,30.7,70.3,0,ESP32
2026-08-29T14:07:18.027605,30.7,70.3,0,ESP32
2026-08-29T14:07:23.910468,30.7,70.3,0,ESP32
2026-08-29T14:07:29.251496,30.3,70.1,0,ESP32
2026-08-29T14:07:34.606489,30.6,70.3,0,ESP32
2026-08-29T14:07:39.783219,30.7,70.3,0,ESP32
2026-08-29T14:07:45.701819,30.7,70.2,0,ESP32
2026-08-29T14:07:51.053026,30.7,70.2,0,ESP32
2026-08-29T14:07:56.842607,30.8,70.1,0,ESP32
2026-08-29T14:08:02.905430,30.7,70.1,0,ESP32
2026-08-29T14:08:08.573839,30.8,69.9,0,ESP32
2026-08-29T14:08:14.008117,30.8,69.9,0,ESP32
2026-08-29T14:08:19.377955,30.8,69.8,0,ESP32
2026-08-29T14:08:24.863677,30.8,69.7,0,ESP32
2026-08-29T14:08:30.148211,30.8,69.7,0,ESP32
2026-08-29T14:08:35.531524,30.8,69.6,0,ESP32
2026-08-29T14:08:40.712960,30.8,69.6,0,ESP32
2026-08-29T14:08:45.890707,30.8,69.6,0,ESP32
2026-08-29T15:02:53.434774,30.5,72.2,0,Dry,ESP32
2026-08-29T15:02:58.692705,30.5,71.8,0,Dry,ESP32
2026-08-29T15:03:03.834160,30.5,72.1,0,Dry,ESP32
2026-08-29T15:03:09.012221,30.5,72.0,0,Dry,ESP32
2026-08-29T15:03:14.215808,30.5,72.0,0,Dry,ESP32
2026-08-29T15:03:19.417263,30.5,71.8,0,Dry,ESP32
2026-08-29T15:03:24.565654,30.5,71.8,0,Dry,ESP32
2026-08-29T15:03:29.706191,30.5,71.7,0,Dry,ESP32
2026-08-29T15:03:34.848939,30.5,71.8,0,Dry,ESP32
2026-08-29T15:03:40.004161,30.5,71.6,0,Dry,ESP32
2026-08-29T15:03:45.152614,30.5,71.6,1522,Very Heavy,ESP32
2026-08-29T15:03:50.289159,30.5,71.6,1623,Very Heavy,ESP32
2026-08-29T15:03:55.504758,30.5,71.5,1606,Very Heavy,ESP32
2026-08-29T15:04:00.690732,30.5,71.4,397,Moderate,ESP32
2026-08-29T15:04:05.922928,30.5,71.5,224,Moderate,ESP32
2026-08-29T15:04:11.353266,30.5,71.4,210,Light,ESP32
2026-08-29T15:04:16.629899,30.5,71.5,207,Light,ESP32
2026-08-29T15:04:21.840149,30.5,71.5,191,Light,ESP32
2026-08-29T15:04:26.989567,30.5,71.4,179,Light,ESP32
2026-08-29T15:04:32.203095,30.5,71.6,169,Light,ESP32
2026-08-29T15:04:37.384834,30.5,71.6,155,Light,ESP32
2026-08-29T15:04:42.566573,30.5,71.6,144,Light,ESP32
2026-08-29T15:04:47.768568,30.5,71.6,134,Light,ESP32
2026-08-29T15:04:52.921538,30.5,71.6,123,Light,ESP32
2026-08-29T15:04:58.061618,30.5,71.6,110,Light,ESP32
2026-08-29T15:05:03.251061,30.5,71.5,128,Light,ESP32
2026-08-29T15:05:08.453456,30.5,71.4,112,Light,ESP32
2026-08-29T15:05:13.613229,30.5,71.4,87,Light,ESP32
2026-08-29T15:05:18.815629,30.5,71.2,90,Light,ESP32
2026-08-29T15:05:24.018293,30.5,71.3,87,Light,ESP32
2026-08-29T15:05:29.260457,30.5,71.3,65,Dry,ESP32
2026-08-29T15:05:34.494699,30.5,71.4,45,Dry,ESP32
2026-08-29T15:05:39.705115,30.5,71.4,21,Dry,ESP32
2026-08-29T15:05:44.844715,30.5,71.4,0,Dry,ESP32
2026-08-29T15:05:49.983266,30.5,71.4,0,Dry,ESP32
2026-08-29T15:05:55.188549,30.5,71.4,0,Dry,ESP32
2026-08-29T15:06:00.331004,30.5,71.4,0,Dry,ESP32
2026-08-29T15:06:05.476971,30.5,71.4,0,Dry,ESP32
2026-08-29T15:06:10.670762,30.6,71.4,0,Dry,ESP32
2026-08-29T15:06:15.810610,30.6,71.4,0,Dry,ESP32
2026-08-29T15:06:20.950738,30.6,71.3,0,Dry,ESP32
2026-08-29T15:06:26.154669,30.6,71.4,0,Dry,ESP32
2026-08-29T15:06:31.355623,30.6,71.4,0,Dry,ESP32
2026-08-29T15:06:36.716394,30.6,71.3,0,Dry,ESP32
2026-08-29T15:06:41.919395,30.6,71.4,0,Dry,ESP32
2026-08-29T15:06:47.126196,30.6,71.4,0,Dry,ESP32
2026-08-29T15:06:52.272143,30.6,71.3,0,Dry,ESP32
2026-08-29T15:06:57.490525,30.6,71.2,0,Dry,ESP32
2026-08-29T15:07:05.833147,30.6,71.1,0,Dry,ESP32
2026-08-29T15:07:11.034273,30.6,71.1,0,Dry,ESP32
2026-08-29T15:07:16.207368,30.6,71.2,0,Dry,ESP32
2026-08-29T15:07:21.347001,30.6,71.1,0,Dry,ESP32
2026-08-29T15:07:26.488244,30.6,71.0,0,Dry,ESP32
2026-08-29T15:07:31.689588,30.6,71.1,0,Dry,ESP32
2026-08-29T15:07:36.842452,30.6,71.1,0,Dry,ESP32
2026-08-29T15:07:41.982653,30.6,71.1,0,Dry,ESP32
2026-08-29T15:07:47.141977,30.6,71.0,0,Dry,ESP32
2026-08-29T15:07:52.299732,30.6,71.0,0,Dry,ESP32
2026-08-29T15:07:57.435934,30.6,71.0,0,Dry,ESP32
2026-08-29T15:08:02.614576,30.6,71.0,0,Dry,ESP32
2026-08-29T15:08:07.816461,30.6,71.0,0,Dry,ESP32
2026-08-29T15:08:12.967648,30.6,71.0,0,Dry,ESP32
2026-08-29T15:08:18.103579,30.6,71.1,0,Dry,ESP32
2026-08-29T15:08:23.299102,30.6,71.1,0,Dry,ESP32
2026-08-29T15:08:28.445071,30.6,71.1,0,Dry,ESP32
2026-08-29T15:08:33.662015,30.6,71.1,0,Dry,ESP32
2026-08-29T15:08:38.867351,30.6,71.0,0,Dry,ESP32
2026-08-29T15:08:44.065613,30.6,71.0,0,Dry,ESP32
2026-08-29T15:08:49.219367,30.6,70.9,0,Dry,ESP32
2026-08-29T15:08:54.358690,30.6,71.0,0,Dry,ESP32
2026-08-29T15:08:59.548472,30.6,71.0,0,Dry,ESP32
2026-08-29T15:09:04.749264,30.6,71.0,0,Dry,ESP32
2026-08-29T15:09:09.888168,30.6,70.9,0,Dry,ESP32
2026-08-29T15:09:15.125414,30.6,71.0,0,Dry,ESP32
2026-08-29T15:09:20.314876,30.5,70.9,0,Dry,ESP32
2026-08-29T15:09:25.465893,30.6,71.0,0,Dry,ESP32
2026-08-29T15:09:30.602555,30.5,71.0,0,Dry,ESP32
2026-08-29T15:09:35.797881,30.6,71.0,0,Dry,ESP32
2026-08-29T15:09:40.999894,30.5,71.0,0,Dry,ESP32
2026-08-29T15:09:46.201229,30.5,71.0,0,Dry,ESP32
2026-08-29T15:09:51.403500,30.5,71.0,0,Dry,ESP32
2026-08-29T15:09:56.606368,30.5,71.0,0,Dry,ESP32
2026-08-29T15:10:01.807592,30.5,71.0,0,Dry,ESP32
2026-08-29T15:10:07.009299,30.5,71.0,0,Dry,ESP32
2026-08-29T15:10:12.211591,30.6,71.1,0,Dry,ESP32
2026-08-29T15:10:17.414731,30.5,71.0,0,Dry,ESP32
2026-08-29T15:10:22.614803,30.5,71.0,0,Dry,ESP32
2026-08-29T15:10:27.817992,30.5,71.0,0,Dry,ESP32
2026-08-29T15:10:33.019302,30.4,71.2,0,Dry,ESP32
2026-08-29T15:10:38.221717,30.5,71.1,0,Dry,ESP32
2026-08-29T15:10:43.422793,30.5,71.1,0,Dry,ESP32
2026-08-29T15:10:48.624411,30.5,71.1,0,Dry,ESP32
2026-08-29T15:10:53.827285,30.5,71.2,0,Dry,ESP32
2026-08-29T15:10:58.964124,30.5,71.0,0,Dry,ESP32
2026-08-29T15:11:04.201754,30.5,71.1,0,Dry,ESP32
2026-08-29T15:11:09.389851,30.5,71.2,0,Dry,ESP32
2026-08-29T15:11:14.593046,30.5,71.1,0,Dry,ESP32
2026-08-29T15:11:19.794942,30.5,71.1,0,Dry,ESP32
2026-08-29T15:11:24.930685,30.5,71.2,0,Dry,ESP32
2026-08-29T15:11:30.158178,30.5,71.2,0,Dry,ESP32
2026-08-29T15:11:35.323823,30.5,71.2,0,Dry,ESP32
2026-08-29T15:11:40.521348,30.5,71.2,0,Dry,ESP32
2026-08-29T15:11:45.722454,30.5,71.2,0,Dry,ESP32
2026-08-29T15:11:50.924493,30.5,71.2,0,Dry,ESP32
2026-08-29T15:11:56.169247,30.5,71.2,0,Dry,ESP32
2026-08-29T15:12:01.382607,30.5,71.2,0,Dry,ESP32
2026-08-29T15:12:06.535344,30.5,71.2,0,Dry,ESP32
2026-08-29T15:12:11.673380,30.5,71.2,0,Dry,ESP32
2026-08-29T15:12:16.850750,30.5,71.2,0,Dry,ESP32
2026-08-29T15:12:21.994175,30.5,71.1,0,Dry,ESP32
2026-08-29T15:12:27.166425,30.6,71.1,0,Dry,ESP32
2026-08-29T15:12:32.377157,30.7,71.1,0,Dry,ESP32
2026-08-29T15:12:37.535846,30.6,71.0,0,Dry,ESP32
2026-08-29T15:12:42.738399,30.7,70.9,0,Dry,ESP32
2026-08-29T15:12:47.897110,30.6,71.0,0,Dry,ESP32
2026-08-29T15:12:53.101839,30.6,70.8,0,Dry,ESP32
2026-08-29T15:12:58.245264,30.7,70.8,0,Dry,ESP32
2026-08-29T15:13:03.423439,30.7,70.7,0,Dry,ESP32
2026-08-29T15:13:08.624654,30.7,70.7,0,Dry,ESP32
2026-08-29T15:13:13.777753,30.7,70.7,0,Dry,ESP32
2026-08-29T15:13:18.937572,30.7,70.6,0,Dry,ESP32
2026-08-29T15:13:24.149204,30.7,70.7,0,Dry,ESP32
2026-08-29T15:13:29.351403,30.7,70.6,0,Dry,ESP32
2026-08-29T15:13:34.553012,30.7,70.7,0,Dry,ESP32
2026-08-29T15:13:39.753575,30.7,70.6,0,Dry,ESP32
2026-08-29T15:13:44.894238,30.7,70.5,0,Dry,ESP32
2026-08-29T15:13:50.077732,30.7,70.6,0,Dry,ESP32
2026-08-29T15:13:55.279820,30.7,70.6,0,Dry,ESP32
2026-08-29T15:14:00.434937,30.7,70.6,0,Dry,ESP32
2026-08-29T15:14:05.643810,30.7,70.5,0,Dry,ESP32
2026-08-29T15:14:10.808289,30.7,70.5,0,Dry,ESP32
2026-08-29T15:14:15.952704,30.7,70.5,0,Dry,ESP32
2026-08-29T15:14:21.113481,30.7,70.5,0,Dry,ESP32
2026-08-29T15:14:26.288161,30.7,70.4,0,Dry,ESP32
2026-08-29T15:14:31.487242,30.7,70.4,0,Dry,ESP32
2026-08-29T15:14:36.690027,30.7,70.3,0,Dry,ESP32
2026-08-29T15:14:41.890268,30.7,70.4,0,Dry,ESP32
2026-08-29T15:14:47.093069,30.7,70.3,0,Dry,ESP32
2026-08-29T15:14:52.293361,30.7,70.3,0,Dry,ESP32
2026-08-29T15:14:57.437791,30.7,70.3,0,Dry,ESP32
2026-08-29T15:15:02.598086,30.7,70.3,0,Dry,ESP32
2026-08-29T15:15:07.745640,30.7,70.3,0,Dry,ESP32
2026-08-29T15:15:12.890019,30.7,70.3,0,Dry,ESP32
2026-08-29T15:15:18.057349,30.7,70.4,0,Dry,ESP32
2026-08-29T15:15:23.262842,30.7,70.4,0,Dry,ESP32
2026-08-29T15:15:28.409812,30.7,70.5,0,Dry,ESP32
2026-08-29T15:15:33.623579,30.7,70.5,0,Dry,ESP32
2026-08-29T15:15:38.759856,30.8,70.4,0,Dry,ESP32
2026-08-29T15:15:43.903143,30.7,70.5,0,Dry,ESP32
2026-08-29T15:15:49.043984,30.7,70.5,0,Dry,ESP32
2026-08-29T15:15:54.226640,30.7,70.5,0,Dry,ESP32
2026-08-29T15:15:59.428273,30.7,70.5,0,Dry,ESP32
2026-08-29T15:16:04.630828,30.7,70.5,0,Dry,ESP32
2026-08-29T15:16:09.831851,30.7,70.5,0,Dry,ESP32
2026-08-29T15:16:14.973495,30.6,70.5,0,Dry,ESP32
2026-08-29T15:16:20.154184,30.7,70.6,0,Dry,ESP32
2026-08-29T21:19:26.816104,29.2,72.0,0,Dry,ESP32
2026-08-29T21:19:32.172679,29.2,72.1,0,Dry,ESP32
2026-08-29T21:19:37.372184,29.2,72.2,0,Dry,ESP32
2026-08-29T21:19:42.573912,29.6,72.0,0,Dry,ESP32
2026-08-29T21:19:47.711573,29.2,72.3,0,Dry,ESP32
2026-08-29T21:19:52.895782,29.2,72.4,0,Dry,ESP32
2026-08-29T21:19:58.097394,29.2,72.4,0,Dry,ESP32
2026-08-29T21:20:03.240615,29.2,72.4,0,Dry,ESP32
2026-08-29T21:20:08.419457,29.2,72.4,0,Dry,ESP32
2026-08-29T21:20:13.621604,29.2,72.4,0,Dry,ESP32
2026-08-29T21:20:18.826205,29.2,72.6,0,Dry,ESP32
2026-08-29T21:20:24.027480,29.2,72.5,0,Dry,ESP32
2026-08-29T21:20:29.232106,29.2,72.6,0,Dry,ESP32
2026-08-29T21:20:34.432434,29.1,72.5,0,Dry,ESP32
2026-08-29T21:20:39.579479,29.1,72.7,0,Dry,ESP32
2026-08-29T21:20:44.791968,29.1,72.6,0,Dry,ESP32
2026-08-29T21:20:49.994880,29.1,72.6,0,Dry,ESP32
2026-08-29T21:20:55.142457,29.1,72.7,0,Dry,ESP32
2026-08-29T21:21:00.355869,29.1,72.6,0,Dry,ESP32
2026-08-29T21:21:05.497606,29.1,72.8,0,Dry,ESP32
2026-08-29T21:21:10.678440,29.2,72.7,0,Dry,ESP32
2026-08-29T21:21:15.880639,29.1,72.7,0,Dry,ESP32
2026-08-29T21:21:21.082422,29.5,72.6,0,Dry,ESP32
2026-08-29T21:21:26.238467,29.1,72.9,0,Dry,ESP32
2026-08-29T21:21:31.387285,29.1,72.8,0,Dry,ESP32
2026-08-29T21:21:36.528928,29.1,73.0,0,Dry,ESP32
2026-08-29T21:21:41.725748,29.1,73.0,0,Dry,ESP32
2026-08-29T21:21:46.876964,29.1,73.0,0,Dry,ESP32
2026-08-29T21:21:52.017769,29.1,73.0,0,Dry,ESP32
2026-08-29T21:21:57.209281,29.0,73.0,0,Dry,ESP32
2026-08-29T21:22:02.361124,29.0,73.0,0,Dry,ESP32
2026-08-29T21:22:07.572345,29.0,73.1,0,Dry,ESP32
2026-08-29T21:22:12.773628,29.0,73.0,0,Dry,ESP32
2026-08-29T21:22:17.920478,29.0,73.1,0,Dry,ESP32
2026-08-29T21:22:23.094996,29.1,73.3,0,Dry,ESP32
2026-08-29T21:22:28.298332,29.0,73.1,0,Dry,ESP32
2026-08-29T21:22:33.500734,29.0,73.1,0,Dry,ESP32
2026-08-29T21:22:38.646174,29.1,73.3,0,Dry,ESP32
2026-08-29T21:22:43.862105,29.0,73.2,0,Dry,ESP32
2026-08-29T21:22:49.134097,29.0,73.2,0,Dry,ESP32
2026-08-29T21:22:54.286985,29.0,73.1,0,Dry,ESP32
2026-08-29T21:22:59.487029,29.0,73.2,0,Dry,ESP32
2026-08-29T21:23:04.669691,29.0,73.1,0,Dry,ESP32
2026-08-29T21:23:09.827395,29.0,73.1,0,Dry,ESP32
2026-08-29T21:23:15.063298,29.0,72.8,0,Dry,ESP32
2026-08-29T21:23:20.274119,29.0,73.0,0,Dry,ESP32
2026-08-29T21:23:25.477055,29.0,73.3,0,Dry,ESP32
2026-08-29T21:23:30.623783,29.0,73.3,0,Dry,ESP32
2026-08-29T21:23:35.797617,29.0,73.2,0,Dry,ESP32
2026-08-29T21:23:41.001109,29.0,73.3,0,Dry,ESP32
2026-08-29T21:23:46.154594,29.0,73.2,0,Dry,ESP32
2026-08-29T21:23:51.366842,29.0,73.3,0,Dry,ESP32
2026-08-29T21:23:56.524341,29.0,73.4,0,Dry,ESP32
2026-08-29T21:24:01.726946,29.0,73.4,0,Dry,ESP32
2026-08-29T21:24:06.929402,29.0,73.3,0,Dry,ESP32
2026-08-29T21:24:12.088012,29.0,73.4,0,Dry,ESP32
2026-08-29T21:24:17.291851,29.0,73.3,0,Dry,ESP32
2026-08-29T21:24:22.496696,29.1,73.3,0,Dry,ESP32
2026-08-29T21:24:29.445675,29.0,73.5,0,Dry,ESP32
2026-08-29T21:24:34.699577,29.0,73.3,0,Dry,ESP32
2026-08-29T21:24:39.901096,29.1,73.4,0,Dry,ESP32
2026-08-29T21:24:45.048773,29.1,73.1,0,Dry,ESP32
2026-08-29T21:24:50.202216,29.1,73.1,0,Dry,ESP32
2026-08-29T21:24:55.382792,29.1,73.0,0,Dry,ESP32
2026-08-29T21:25:00.586151,29.2,73.0,0,Dry,ESP32
2026-08-29T21:25:05.787850,29.2,72.8,0,Dry,ESP32
2026-08-29T21:25:10.989902,29.2,72.8,0,Dry,ESP32
2026-08-29T21:25:16.191701,29.2,72.8,0,Dry,ESP32
2026-08-29T21:25:21.394382,29.3,72.6,0,Dry,ESP32
2026-08-29T21:25:26.540275,29.3,72.3,0,Dry,ESP32
2026-08-29T21:25:31.685211,29.3,72.3,0,Dry,ESP32
2026-08-29T21:25:36.841991,29.3,72.5,0,Dry,ESP32
2026-08-29T21:25:41.996050,29.3,72.3,0,Dry,ESP32
2026-08-29T21:25:47.149721,29.3,72.2,0,Dry,ESP32
2026-08-29T21:25:52.313736,29.3,72.1,0,Dry,ESP32
2026-08-29T21:25:57.521396,29.3,72.1,0,Dry,ESP32
2026-08-29T21:26:02.676496,29.3,72.1,0,Dry,ESP32
2026-08-29T21:26:07.824081,29.4,72.1,0,Dry,ESP32
2026-08-29T21:26:13.003940,29.4,72.1,0,Dry,ESP32
2026-08-29T21:26:18.205157,29.3,71.9,0,Dry,ESP32
2026-08-29T21:26:23.345075,29.4,72.1,0,Dry,ESP32
2026-08-29T21:26:28.486862,29.3,71.9,0,Dry,ESP32
2026-08-29T21:26:33.686336,29.4,72.1,0,Dry,ESP32
2026-08-29T21:26:38.889407,29.4,72.1,0,Dry,ESP32
2026-08-29T21:26:44.111994,29.4,72.1,0,Dry,ESP32
2026-08-29T21:26:49.261639,29.4,72.1,0,Dry,ESP32
2026-08-29T21:26:54.452771,29.4,72.0,0,Dry,ESP32
2026-08-29T21:26:59.658058,29.4,71.9,0,Dry,ESP32
2026-08-29T21:27:04.805851,29.4,72.1,0,Dry,ESP32
2026-08-29T21:27:09.948322,29.4,72.1,0,Dry,ESP32
2026-08-29T21:27:15.096657,29.4,72.1,0,Dry,ESP32
2026-08-29T21:27:20.244147,29.4,72.1,0,Dry,ESP32
2026-08-29T21:27:25.394901,29.4,71.9,0,Dry,ESP32
2026-08-29T21:27:30.579500,29.5,71.7,0,Dry,ESP32
2026-08-29T21:27:35.782878,29.4,71.9,0,Dry,ESP32
2026-08-29T21:27:40.984618,29.5,71.6,0,Dry,ESP32
2026-08-29T21:27:46.186694,29.5,71.5,0,Dry,ESP32
2026-08-29T21:27:51.387718,29.5,71.5,0,Dry,ESP32
2026-08-29T21:27:56.588899,29.5,71.5,0,Dry,ESP32
2026-08-29T21:28:01.734188,29.5,71.4,0,Dry,ESP32
2026-08-29T21:28:08.765444,29.6,71.4,0,Dry,ESP32
2026-08-29T21:28:13.993749,29.7,71.4,0,Dry,ESP32
2026-08-29T21:28:19.205056,29.5,71.4,0,Dry,ESP32
2026-08-29T21:28:24.404848,29.6,71.4,0,Dry,ESP32
2026-08-29T21:28:35.026691,29.6,71.4,0,Dry,ESP32
2026-08-29T21:28:40.253785,29.6,71.2,0,Dry,ESP32
2026-08-29T21:28:55.490856,29.6,71.2,0,Dry,ESP32
2026-08-29T21:29:00.664125,29.9,71.2,0,Dry,ESP32
2026-08-29T21:29:05.853816,29.6,71.1,0,Dry,ESP32
2026-08-29T21:29:11.002563,29.6,71.1,0,Dry,ESP32
2026-08-29T21:29:16.181244,29.6,71.0,0,Dry,ESP32
2026-08-29T21:29:21.327320,29.6,71.1,0,Dry,ESP32
2026-08-29T21:29:26.467975,29.7,71.0,0,Dry,ESP32
2026-08-29T21:29:31.658379,29.6,71.0,0,Dry,ESP32
2026-08-29T21:29:36.860303,29.6,71.0,0,Dry,ESP32
2026-08-29T21:29:42.062560,29.6,71.0,0,Dry,ESP32
2026-08-29T21:29:47.262327,29.6,71.0,0,Dry,ESP32
2026-08-29T21:29:52.408689,29.6,71.0,0,Dry,ESP32
2026-08-29T21:29:57.549366,29.6,71.1,0,Dry,ESP32
2026-08-29T21:30:02.748409,29.6,71.1,0,Dry,ESP32
2026-08-29T21:30:07.951718,29.6,71.1,0,Dry,ESP32
2026-08-29T21:30:13.152004,29.6,71.2,0,Dry,ESP32
2026-08-29T21:30:18.303209,29.6,71.1,0,Dry,ESP32
2026-08-29T21:30:23.442766,29.6,71.1,0,Dry,ESP32
2026-08-29T21:30:28.633506,29.7,71.0,0,Dry,ESP32
2026-08-29T21:30:33.777249,29.6,71.0,0,Dry,ESP32
2026-08-29T21:30:38.953963,29.7,71.0,0,Dry,ESP32
2026-08-29T21:30:44.157426,29.7,70.7,0,Dry,ESP32
2026-08-29T21:30:49.360153,29.7,71.0,0,Dry,ESP32
2026-08-29T21:30:54.606617,29.6,70.9,0,Dry,ESP32
2026-08-29T21:30:59.844836,29.7,70.7,0,Dry,ESP32
2026-08-29T21:31:05.047858,29.7,71.0,0,Dry,ESP32
2026-08-29T21:31:10.196537,29.7,70.9,0,Dry,ESP32
2026-08-29T21:31:15.407995,29.7,70.9,0,Dry,ESP32
2026-08-29T21:31:20.610276,29.7,71.0,0,Dry,ESP32
2026-08-29T21:31:25.812964,29.7,70.9,0,Dry,ESP32
2026-08-29T21:31:31.014580,29.7,71.0,0,Dry,ESP32
2026-08-29T21:31:36.219663,29.7,70.9,0,Dry,ESP32
2026-08-29T21:31:41.420385,29.7,70.6,0,Dry,ESP32
2026-08-29T21:31:46.953802,29.6,70.9,0,Dry,ESP32
2026-08-29T21:31:52.190025,29.7,70.9,0,Dry,ESP32
2026-08-29T21:31:57.336098,29.6,71.1,0,Dry,ESP32
2026-08-29T21:32:02.481670,29.7,71.0,0,Dry,ESP32
2026-08-29T21:32:07.633008,29.6,71.0,0,Dry,ESP32
2026-08-29T21:32:12.835262,29.6,71.1,0,Dry,ESP32
2026-08-29T21:32:18.038919,29.9,70.8,0,Dry,ESP32
2026-08-29T21:32:23.186871,29.6,72.0,0,Dry,ESP32
2026-08-29T21:32:28.341785,29.6,71.0,0,Dry,ESP32
2026-08-29T21:32:33.520178,29.6,71.1,0,Dry,ESP32
2026-08-29T21:32:38.722194,29.6,71.1,0,Dry,ESP32
2026-08-29T21:32:43.924968,29.6,71.1,0,Dry,ESP32
2026-08-29T21:32:49.071036,29.6,71.1,0,Dry,ESP32
2026-08-29T21:32:54.214755,29.6,71.1,0,Dry,ESP32
2026-08-29T21:32:59.377091,29.6,71.1,0,Dry,ESP32
2026-08-29T21:33:04.522069,29.6,71.2,0,Dry,ESP32
2026-08-29T21:33:09.687670,29.6,71.1,0,Dry,ESP32
2026-08-29T21:33:14.892537,29.6,71.1,0,Dry,ESP32
2026-08-29T21:33:20.092614,29.6,71.1,0,Dry,ESP32
2026-08-29T21:33:25.238294,29.6,71.1,0,Dry,ESP32
2026-08-29T21:33:30.401587,29.6,71.0,0,Dry,ESP32
2026-08-29T21:33:35.543727,29.6,70.9,0,Dry,ESP32
2026-08-29T21:33:40.694070,29.6,71.1,0,Dry,ESP32
2026-08-29T21:33:45.897802,29.6,71.2,0,Dry,ESP32
2026-08-29T21:33:51.099244,29.6,71.1,0,Dry,ESP32
2026-08-29T21:33:56.300114,29.6,71.2,0,Dry,ESP32
2026-08-29T21:34:01.435682,29.6,71.3,0,Dry,ESP32
2026-08-29T21:34:06.577149,29.5,71.2,0,Dry,ESP32
2026-08-29T21:34:11.782272,29.6,71.4,0,Dry,ESP32
2026-08-29T21:34:16.987568,29.5,71.4,0,Dry,ESP32
2026-08-29T21:34:22.149116,29.5,71.4,0,Dry,ESP32
2026-08-29T21:34:27.358194,29.5,71.4,0,Dry,ESP32
2026-08-29T21:34:32.506920,29.5,71.5,0,Dry,ESP32
2026-08-29T21:34:37.710423,29.5,71.4,0,Dry,ESP32
2026-08-29T21:34:42.912829,29.5,71.5,0,Dry,ESP32
2026-08-29T21:34:48.115420,29.5,71.4,0,Dry,ESP32
2026-08-29T21:34:53.318068,29.6,71.5,0,Dry,ESP32
2026-08-29T21:34:58.518159,29.5,71.4,0,Dry,ESP32
2026-08-29T21:35:03.663620,29.6,71.6,0,Dry,ESP32
2026-08-29T21:35:08.804998,29.5,71.4,0,Dry,ESP32
2026-08-29T21:35:13.959405,29.5,71.6,0,Dry,ESP32
2026-08-29T21:35:19.162647,29.5,71.4,0,Dry,ESP32
2026-08-29T21:35:24.313625,29.6,71.6,0,Dry,ESP32
2026-08-29T21:35:29.524594,29.6,65.7,0,Dry,ESP32
2026-08-29T21:35:34.726447,29.6,68.7,1436,Very Heavy,ESP32
2026-08-29T21:35:39.927009,29.6,71.1,528,Heavy,ESP32
2026-08-29T21:35:45.090956,29.6,71.3,0,Dry,ESP32
2026-08-29T21:35:50.333421,29.6,71.2,0,Dry,ESP32
2026-08-29T21:35:55.534019,29.6,71.2,0,Dry,ESP32
2026-08-29T21:36:00.673076,29.6,71.4,0,Dry,ESP32
2026-08-29T21:36:05.824920,29.6,71.5,0,Dry,ESP32
2026-08-29T21:36:11.019872,29.6,71.4,0,Dry,ESP32
2026-08-29T21:36:16.221654,29.6,71.4,0,Dry,ESP32
2026-08-29T21:36:21.461399,29.6,71.4,0,Dry,ESP32
2026-08-29T21:36:26.603156,29.6,71.4,0,Dry,ESP32
2026-08-29T21:36:31.742249,29.6,71.4,0,Dry,ESP32
2026-08-29T21:36:36.945061,29.6,71.4,0,Dry,ESP32
2026-08-29T21:36:42.125677,29.6,71.4,0,Dry,ESP32
2026-08-29T21:37:02.734682,29.6,71.3,0,Dry,ESP32
2026-08-29T21:37:07.704648,29.7,71.2,0,Dry,ESP32
2026-08-29T21:37:30.564767,29.6,71.1,0,Dry,ESP32
2026-08-29T21:37:32.855189,29.6,71.1,0,Dry,ESP32
2026-08-29T21:37:37.852672,29.7,70.9,0,Dry,ESP32
2026-08-29T21:38:13.081380,29.7,71.3,0,Dry,ESP32
2026-08-29T21:38:17.992417,29.7,71.1,0,Dry,ESP32
2026-08-29T21:38:23.072370,29.7,71.0,0,Dry,ESP32
2026-08-29T21:38:27.986829,29.7,71.0,0,Dry,ESP32
2026-08-29T21:38:32.946621,29.7,71.1,0,Dry,ESP32
2026-08-29T21:38:37.950747,29.7,71.1,0,Dry,ESP32
2026-08-29T21:38:42.945504,29.7,71.1,0,Dry,ESP32
2026-08-29T21:38:48.016827,29.7,71.1,0,Dry,ESP32
2026-08-29T21:38:52.947114,29.7,70.7,0,Dry,ESP32
2026-08-29T21:39:15.119635,29.6,71.3,0,Dry,ESP32
2026-08-29T21:39:18.234015,29.6,71.4,0,Dry,ESP32
2026-08-29T21:39:23.080039,29.6,71.4,0,Dry,ESP32
2026-08-29T21:39:28.074867,29.6,71.4,0,Dry,ESP32
2026-08-29T21:39:33.070191,29.6,71.4,0,Dry,ESP32
2026-08-29T21:39:38.072346,29.6,71.4,0,Dry,ESP32
2026-08-29T21:39:43.064861,29.6,71.4,0,Dry,ESP32
2026-08-29T21:39:48.063169,29.6,71.4,0,Dry,ESP32
2026-08-29T21:39:53.025371,29.6,71.4,0,Dry,ESP32
2026-08-29T21:39:58.029539,29.6,71.4,0,Dry,ESP32
2026-08-29T21:40:03.033253,29.6,71.4,0,Dry,ESP32
2026-08-29T21:40:22.890882,29.6,71.4,0,Dry,ESP32
2026-08-29T21:40:23.124712,29.6,71.4,0,Dry,ESP32
2026-08-29T21:40:28.121986,29.6,71.4,0,Dry,ESP32
2026-08-29T21:40:33.119241,29.7,71.4,0,Dry,ESP32
2026-08-29T21:40:38.083312,29.7,71.3,0,Dry,ESP32
2026-08-29T21:40:43.154561,29.7,71.3,0,Dry,ESP32
2026-08-29T21:40:48.116114,29.7,71.4,0,Dry,ESP32
2026-08-29T21:40:53.082310,29.7,71.4,0,Dry,ESP32
2026-08-29T21:40:58.146422,29.7,71.2,0,Dry,ESP32
2026-08-29T21:41:03.142861,29.7,71.4,0,Dry,ESP32
2026-08-29T21:41:08.082278,29.7,71.2,0,Dry,ESP32
2026-08-29T21:41:13.178823,29.7,71.4,0,Dry,ESP32
2026-08-29T21:41:18.134674,29.7,71.1,0,Dry,ESP32
2026-08-29T21:42:21.504546,29.7,71.0,0,Dry,ESP32
2026-08-29T21:42:23.406596,29.7,71.1,0,Dry,ESP32
2026-08-29T21:42:28.501296,29.8,71.7,0,Dry,ESP32
2026-08-29T21:42:33.459284,29.8,70.6,0,Dry,ESP32
2026-08-29T21:42:38.392023,29.8,70.9,0,Dry,ESP32
2026-08-29T21:42:43.391649,29.7,71.2,0,Dry,ESP32
2026-08-29T21:42:48.448984,29.8,70.8,0,Dry,ESP32
2026-08-29T21:42:53.551294,29.8,70.8,0,Dry,ESP32
2026-08-29T21:42:58.444668,29.8,70.8,0,Dry,ESP32
2026-08-29T21:43:03.440424,29.7,71.1,0,Dry,ESP32
2026-08-29T21:43:08.387791,29.8,70.8,0,Dry,ESP32
2026-08-29T21:43:13.436347,29.8,70.8,0,Dry,ESP32
2026-08-29T21:43:18.384805,29.8,70.7,0,Dry,ESP32
2026-08-29T21:43:23.384960,29.8,70.8,0,Dry,ESP32
2026-08-29T21:43:28.428493,29.8,70.7,0,Dry,ESP32
2026-08-29T21:43:33.389717,29.8,70.8,0,Dry,ESP32
2026-08-29T21:43:38.387809,29.8,70.7,0,Dry,ESP32
2026-08-29T21:43:43.457942,29.8,70.7,0,Dry,ESP32
2026-08-29T21:43:48.386998,29.8,70.7,0,Dry,ESP32
2026-08-29T21:43:53.453413,29.8,70.9,0,Dry,ESP32
2026-08-29T21:43:58.450866,29.8,70.8,0,Dry,ESP32
2026-08-29T21:44:03.448499,29.8,70.8,0,Dry,ESP32
2026-08-29T21:44:08.385910,29.8,70.8,0,Dry,ESP32
2026-08-29T21:44:20.365121,29.8,70.8,0,Dry,ESP32
2026-08-29T21:44:25.241698,29.9,70.8,0,Dry,ESP32
2026-08-29T21:44:30.236983,29.8,70.8,0,Dry,ESP32
2026-08-29T21:44:35.274034,29.9,70.7,0,Dry,ESP32
2026-08-29T21:46:28.630582,29.9,70.3,0,Dry,ESP32
2026-08-29T21:46:30.828859,29.9,70.3,0,Dry,ESP32
2026-08-29T21:46:35.880120,29.9,70.3,0,Dry,ESP32
2026-08-29T21:46:40.939304,29.9,70.3,0,Dry,ESP32
2026-08-29T21:46:45.824800,29.9,70.3,0,Dry,ESP32
2026-08-29T21:46:50.873538,29.9,70.3,0,Dry,ESP32
2026-08-29T21:46:55.870833,29.9,70.3,0,Dry,ESP32
2026-08-29T21:47:00.865697,29.9,70.4,0,Dry,ESP32
2026-08-29T21:47:05.864026,29.9,70.5,0,Dry,ESP32
2026-08-29T21:47:10.860565,29.8,70.6,0,Dry,ESP32
2026-08-29T21:47:15.859171,29.9,70.6,0,Dry,ESP32
2026-08-29T21:47:20.824555,29.8,70.6,0,Dry,ESP32
2026-08-29T21:47:25.821506,29.9,70.7,0,Dry,ESP32
2026-08-29T21:47:30.889698,29.8,70.6,0,Dry,ESP32
2026-08-29T21:47:35.886543,29.6,70.7,0,Dry,ESP32
2026-08-29T21:47:40.883859,29.8,70.8,0,Dry,ESP32
2026-08-29T21:47:45.880753,29.9,70.6,0,Dry,ESP32
2026-08-29T21:47:50.817704,29.8,70.8,0,Dry,ESP32
2026-08-29T21:47:55.967921,29.8,70.8,0,Dry,ESP32
2026-08-29T21:48:00.874597,29.8,70.8,0,Dry,ESP32
2026-08-29T21:48:05.870166,29.8,70.8,0,Dry,ESP32
2026-08-29T21:48:10.866736,29.8,70.9,0,Dry,ESP32
2026-08-29T21:48:15.813138,29.8,70.9,0,Dry,ESP32
2026-08-29T21:48:20.834759,29.8,70.8,0,Dry,ESP32
2026-08-29T21:48:25.819725,29.8,71.0,0,Dry,ESP32
2026-08-29T21:48:30.854762,29.8,70.9,0,Dry,ESP32
2026-08-29T21:48:35.818392,29.7,71.3,0,Dry,ESP32
2026-08-29T21:48:40.824848,29.7,71.0,0,Dry,ESP32
2026-08-29T21:48:45.886768,29.7,71.2,0,Dry,ESP32
2026-08-29T21:48:50.949259,29.7,71.3,0,Dry,ESP32
2026-08-29T21:48:55.879810,29.6,71.3,0,Dry,ESP32
2026-08-29T21:49:00.837644,29.6,71.4,0,Dry,ESP32
2026-08-29T21:49:05.927524,29.6,71.4,0,Dry,ESP32
2026-08-29T21:49:10.819075,29.7,67.2,0,Dry,ESP32
2026-08-29T21:49:15.822522,29.6,71.1,0,Dry,ESP32
2026-08-29T21:49:20.865198,29.6,71.4,0,Dry,ESP32
2026-08-29T21:49:25.864009,29.6,71.4,0,Dry,ESP32
2026-08-29T21:49:30.869136,29.6,71.6,0,Dry,ESP32
2026-08-29T21:49:35.858229,29.6,71.8,0,Dry,ESP32
2026-08-29T21:50:12.543769,28.6,60.7,0,Dry,ESP32
2026-08-29T21:50:22.468736,29.7,70.2,0,Dry,ESP32
2026-08-29T21:50:27.435821,29.4,71.9,0,Dry,ESP32
2026-08-29T21:50:32.441371,29.6,71.7,0,Dry,ESP32
2026-08-29T21:50:37.502722,29.5,71.5,0,Dry,ESP32
2026-08-29T21:50:42.447249,29.4,71.9,0,Dry,ESP32
2026-08-29T21:50:47.444704,29.4,71.9,0,Dry,ESP32
2026-08-29T21:50:52.441625,29.5,72.0,0,Dry,ESP32
2026-08-29T21:50:57.489203,29.5,71.8,0,Dry,ESP32
2026-08-29T21:51:02.487615,29.5,71.8,0,Dry,ESP32
2026-08-29T21:51:07.430708,29.5,71.9,0,Dry,ESP32
2026-08-29T21:51:12.440318,29.3,72.9,0,Dry,ESP32
2026-08-29T21:51:17.480881,29.4,72.1,0,Dry,ESP32
2026-08-29T21:51:22.475770,29.6,72.2,0,Dry,ESP32
2026-08-29T21:51:27.475813,29.5,72.8,0,Dry,ESP32
2026-08-29T21:51:32.510841,29.7,67.4,0,Dry,ESP32
2026-08-29T21:51:57.510796,29.3,56.2,0,Dry,ESP32
2026-08-29T21:52:02.444535,29.3,62.5,0,Dry,ESP32
2026-08-29T21:52:07.489870,29.5,67.5,0,Dry,ESP32
2026-08-29T21:52:12.490081,29.6,69.6,0,Dry,ESP32
2026-08-29T21:52:17.434114,29.3,71.3,0,Dry,ESP32
2026-08-29T21:52:22.481919,29.5,71.4,0,Dry,ESP32
2026-08-29T21:52:27.437195,29.4,71.7,0,Dry,ESP32
2026-08-29T21:52:32.476353,29.6,71.5,0,Dry,ESP32
2026-08-29T21:52:37.474240,29.4,72.1,0,Dry,ESP32
2026-08-29T21:52:42.442074,29.4,71.9,0,Dry,ESP32
2026-08-29T21:52:47.510731,29.5,71.7,0,Dry,ESP32
2026-08-29T21:52:52.506424,29.4,72.1,0,Dry,ESP32
2026-08-29T21:52:57.481931,29.4,72.1,0,Dry,ESP32
2026-08-29T21:53:02.501147,29.5,72.4,0,Dry,ESP32
2026-08-29T21:53:07.475774,29.5,72.6,0,Dry,ESP32
2026-08-29T21:53:12.473126,29.5,72.1,0,Dry,ESP32
2026-08-29T21:53:17.495569,29.5,72.0,0,Dry,ESP32
2026-08-29T21:53:22.489315,29.6,72.0,0,Dry,ESP32
2026-08-29T21:53:27.440632,29.6,72.4,0,Dry,ESP32
2026-08-29T21:53:32.487780,29.6,72.8,0,Dry,ESP32
2026-08-29T21:53:37.479730,29.5,72.2,0,Dry,ESP32
2026-08-29T21:53:42.477182,29.6,72.8,0,Dry,ESP32
2026-08-29T21:53:47.474372,29.5,72.0,0,Dry,ESP32
2026-08-29T21:53:52.471209,29.5,72.8,0,Dry,ESP32
2026-08-29T21:53:57.434886,29.7,72.8,0,Dry,ESP32
2026-08-29T21:54:02.648670,29.6,72.1,0,Dry,ESP32
2026-08-29T21:54:07.463361,29.5,72.8,0,Dry,ESP32
2026-08-29T21:54:12.430252,29.7,72.1,0,Dry,ESP32
2026-08-29T21:54:17.435163,29.6,72.0,0,Dry,ESP32
2026-08-29T21:54:22.433428,29.7,72.5,0,Dry,ESP32
2026-08-29T21:54:27.429344,29.6,71.7,0,Dry,ESP32
2026-08-29T21:54:32.434231,29.5,71.8,0,Dry,ESP32
2026-08-29T21:54:37.430344,29.6,72.0,0,Dry,ESP32
2026-08-29T21:54:42.434842,29.6,72.4,0,Dry,ESP32
2026-08-29T21:54:47.440825,29.7,72.2,0,Dry,ESP32
2026-08-29T21:54:52.440154,29.6,72.0,0,Dry,ESP32
2026-08-29T21:54:57.882905,29.9,71.9,0,Dry,ESP32
2026-08-29T21:55:02.433155,29.8,71.4,0,Dry,ESP32
2026-08-29T21:55:07.428532,29.9,71.3,0,Dry,ESP32
2026-08-29T21:55:12.465727,29.7,71.4,0,Dry,ESP32
2026-08-29T21:55:17.473309,29.7,72.0,0,Dry,ESP32
2026-08-29T21:55:22.429947,30.0,71.8,0,Dry,ESP32
2026-08-29T21:55:27.497643,29.7,71.4,0,Dry,ESP32
2026-08-29T21:55:32.495801,29.9,71.1,0,Dry,ESP32
2026-08-29T21:55:37.491065,29.9,71.0,0,Dry,ESP32
2026-08-29T21:55:42.491144,29.9,71.2,0,Dry,ESP32
2026-08-29T21:55:47.448286,29.7,71.2,0,Dry,ESP32
2026-08-29T21:55:52.438401,29.9,71.5,0,Dry,ESP32
2026-08-29T21:55:57.432082,29.9,71.2,0,Dry,ESP32
2026-08-29T21:56:02.478887,30.0,71.0,0,Dry,ESP32
2026-08-29T21:56:07.474399,29.9,71.3,0,Dry,ESP32
2026-08-29T21:56:12.472469,29.9,71.5,0,Dry,ESP32
2026-08-29T21:56:17.551435,30.0,71.0,0,Dry,ESP32
2026-08-29T21:56:22.426573,29.9,71.0,0,Dry,ESP32
2026-08-29T21:56:27.423239,30.1,71.0,0,Dry,ESP32
2026-08-29T21:56:32.431467,30.0,71.2,0,Dry,ESP32
2026-08-29T21:56:37.524740,29.9,71.3,0,Dry,ESP32
2026-08-29T21:56:42.427263,29.9,71.4,0,Dry,ESP32
2026-08-29T21:56:47.493257,30.0,71.2,0,Dry,ESP32
2026-08-29T21:56:53.331166,30.1,70.6,0,Dry,ESP32
2026-08-29T21:57:00.693447,29.9,71.1,0,Dry,ESP32
2026-08-29T21:57:02.485144,30.0,70.5,0,Dry,ESP32
2026-08-29T21:57:07.492265,30.1,70.7,0,Dry,ESP32
2026-08-29T21:57:12.477249,30.3,70.3,0,Dry,ESP32
2026-08-29T21:57:17.475788,30.4,70.4,0,Dry,ESP32
2026-08-29T21:57:22.431174,30.3,70.4,0,Dry,ESP32
2026-08-29T21:57:27.429779,30.3,70.4,0,Dry,ESP32
2026-08-29T21:57:32.428342,30.2,70.2,0,Dry,ESP32
2026-08-29T21:57:37.463754,30.2,70.6,0,Dry,ESP32,ESP32_001,Kasoa
2026-08-29T21:57:43.223905,30.3,70.4,0,Dry,ESP32,ESP32_001,Kasoa
2026-08-29T21:57:47.441900,30.2,70.2,0,Dry,ESP32,ESP32_001,Kasoa
2026-08-29T21:57:52.454407,30.2,69.9,0,Dry,ESP32,ESP32_001,Kasoa
2026-08-29T21:57:57.427501,30.2,70.0,0,Dry,ESP32,ESP32_001,Kasoa
2026-08-29T21:58:02.420032,30.4,69.8,0,Dry,ESP32,ESP32_001,Kasoa
2026-08-29T21:58:07.487892,30.4,69.8,0,Dry,ESP32,ESP32_001,Kasoa
2026-08-29T21:58:12.484786,30.2,70.5,0,Dry,ESP32,ESP32_001,Kasoa
2026-08-29T21:58:17.475419,30.3,69.9,0,Dry,ESP32,ESP32_001,Kasoa
2026-08-29T21:58:22.424250,30.4,69.8,0,Dry,ESP32,ESP32_001,Kasoa
2026-08-29T21:58:27.427097,30.2,70.5,0,Dry,ESP32,ESP32_001,Kasoa
2026-08-29T21:58:32.473279,30.2,69.9,0,Dry,ESP32,ESP32_001,Kasoa
2026-08-29T21:58:37.474330,30.4,69.7,0,Dry,ESP32,ESP32_001,Kasoa
2026-08-29T21:58:42.453813,30.4,69.7,0,Dry,ESP32,ESP32_001,Kasoa
2026-08-29T21:58:47.423522,30.4,69.8,0,Dry,ESP32,ESP32_001,Kasoa
2026-08-29T21:58:52.461941,30.3,70.3,0,Dry,ESP32,ESP32_001,Kasoa
2026-08-29T21:59:00.283199,30.5,69.7,0,Dry,ESP32,ESP32_001,Kasoa
2026-08-29T21:59:02.443375,30.4,69.8,0,Dry,ESP32,ESP32_001,Kasoa
2026-08-29T21:59:07.432217,30.5,69.7,0,Dry,ESP32,ESP32_001,Kasoa
2026-08-29T21:59:13.104829,30.5,70.0,0,Dry,ESP32,ESP32_001,Kasoa
2026-08-29T21:59:17.423081,30.4,69.8,0,Dry,ESP32,ESP32_001,Kasoa
2026-08-29T21:59:22.484082,30.4,69.5,0,Dry,ESP32,ESP32_001,Kasoa
2026-08-29T21:59:27.480983,30.3,69.8,0,Dry,ESP32,ESP32_001,Kasoa
2026-08-29T21:59:32.419539,30.4,69.8,0,Dry,ESP32,ESP32_001,Kasoa
2026-08-29T21:59:37.478373,30.5,69.4,0,Dry,ESP32,ESP32_001,Kasoa
2026-08-29T21:59:42.420949,30.4,69.9,0,Dry,ESP32,ESP32_001,Kasoa
2026-08-29T21:59:47.471964,30.4,69.8,0,Dry,ESP32,ESP32_001,Kasoa
2026-08-29T21:59:52.597368,30.4,70.1,0,Dry,ESP32,ESP32_001,Kasoa
2026-08-29T21:59:57.465181,30.5,69.7,0,Dry,ESP32,ESP32_001,Kasoa
2026-08-29T22:00:02.461877,30.6,69.4,0,Dry,ESP32,ESP32_001,Kasoa
2026-08-29T22:00:07.628067,30.5,69.7,0,Dry,ESP32,ESP32_001,Kasoa
2026-08-29T22:00:21.268003,30.6,69.7,0,Dry,ESP32,ESP32_001,Kasoa
2026-08-29T22:00:22.421274,30.4,69.2,0,Dry,ESP32,ESP32_001,Kasoa
2026-08-29T22:00:27.489968,30.5,69.1,0,Dry,ESP32,ESP32_001,Kasoa
2026-08-29T22:00:32.486853,30.6,69.7,0,Dry,ESP32,ESP32_001,Kasoa
2026-08-29T22:00:37.482848,30.6,69.2,0,Dry,ESP32,ESP32_001,Kasoa
2026-08-29T22:00:42.416578,30.6,69.6,0,Dry,ESP32,ESP32_001,Kasoa
2026-08-29T22:00:47.428397,30.6,69.4,0,Dry,ESP32,ESP32_001,Kasoa
2026-08-29T22:00:52.417229,30.6,69.2,0,Dry,ESP32,ESP32_001,Kasoa
2026-08-29T22:00:57.423176,30.6,69.3,0,Dry,ESP32,ESP32_001,Kasoa
2026-08-29T22:01:02.488652,30.7,69.1,0,Dry,ESP32,ESP32_001,Kasoa
2026-08-29T22:01:07.417488,30.8,69.1,0,Dry,ESP32,ESP32_001,Kasoa
2026-08-29T22:01:12.462644,30.7,69.1,0,Dry,ESP32,ESP32_001,Kasoa
2026-08-29T22:01:17.459241,30.9,69.5,0,Dry,ESP32,ESP32_001,Kasoa
2026-08-29T22:01:22.413574,30.9,68.8,0,Dry,ESP32,ESP32_001,Kasoa
2026-08-29T22:01:27.454219,30.9,68.7,0,Dry,ESP32,ESP32_001,Kasoa
2026-08-29T22:01:32.452870,30.9,68.6,0,Dry,ESP32,ESP32_001,Kasoa
2026-08-29T22:01:37.476696,30.9,68.9,0,Dry,ESP32,ESP32_001,Kasoa
2026-08-29T22:01:59.646984,30.9,65.0,0,Dry,ESP32,ESP32_001,Kasoa
2026-08-29T22:02:04.543233,30.9,68.0,0,Dry,ESP32,ESP32_001,Kasoa
2026-08-29T22:02:09.605719,30.9,68.1,0,Dry,ESP32,ESP32_001,Kasoa
2026-08-29T22:02:32.334722,30.8,68.2,0,Dry,ESP32,ESP32_001,Kasoa
2026-08-29T22:02:37.289499,30.6,69.2,0,Dry,ESP32,ESP32_001,Kasoa
2026-08-29T22:02:42.286895,30.5,69.0,0,Dry,ESP32,ESP32_001,Kasoa
2026-08-29T22:02:47.284730,30.5,69.4,0,Dry,ESP32,ESP32_001,Kasoa
2026-08-29T22:02:52.231224,30.4,69.8,0,Dry,ESP32,ESP32_001,Kasoa
2026-08-29T22:02:57.231069,30.3,69.9,0,Dry,ESP32,ESP32_001,Kasoa
2026-08-29T22:03:02.317870,30.2,70.2,0,Dry,ESP32,ESP32_001,Kasoa
2026-08-29T22:03:07.274919,30.2,70.4,0,Dry,ESP32,ESP32_001,Kasoa
2026-08-29T22:03:12.270180,30.2,70.7,0,Dry,ESP32,ESP32_001,Kasoa
2026-08-29T22:03:17.265772,30.0,71.2,0,Dry,ESP32,ESP32_001,Kasoa
2026-08-29T22:03:22.264671,30.0,71.2,0,Dry,ESP32,ESP32_001,Kasoa
2026-08-29T22:03:27.280748,30.0,71.3,0,Dry,ESP32,ESP32_001,Kasoa
2026-08-29T22:03:32.299497,30.0,71.4,0,Dry,ESP32,ESP32_001,Kasoa
2026-08-29T22:03:37.296612,29.9,71.7,0,Dry,ESP32,ESP32_001,Kasoa
2026-08-29T22:03:42.294107,29.9,71.7,0,Dry,ESP32,ESP32_001,Kasoa
2026-08-29T22:03:47.291273,29.8,71.9,0,Dry,ESP32,ESP32_001,Kasoa
2026-08-29T22:03:52.231340,29.8,71.9,0,Dry,ESP32,ESP32_001,Kasoa
2026-08-29T22:03:57.285078,29.8,71.9,0,Dry,ESP32,ESP32_001,Kasoa
2026-08-29T22:04:02.230319,29.7,72.2,0,Dry,ESP32,ESP32_001,Kasoa
2026-08-29T22:04:07.279295,29.7,72.2,0,Dry,ESP32,ESP32_001,Kasoa
2026-08-29T22:04:12.274848,29.7,72.4,0,Dry,ESP32,ESP32_001,Kasoa
2026-08-29T22:04:17.273724,29.6,72.5,0,Dry,ESP32,ESP32_001,Kasoa
2026-08-29T22:04:22.270496,29.6,72.6,0,Dry,ESP32,ESP32_001,Kasoa
2026-08-29T22:04:27.267074,29.6,72.6,0,Dry,ESP32,ESP32_001,Kasoa
2026-08-29T22:04:32.234249,29.6,72.9,0,Dry,ESP32,ESP32_001,Kasoa
2026-08-29T22:04:37.262093,29.6,73.0,0,Dry,ESP32,ESP32_001,Kasoa
2026-08-29T22:04:42.262311,29.5,73.3,0,Dry,ESP32,ESP32_001,Kasoa
2026-08-29T22:04:47.230927,29.5,73.3,0,Dry,ESP32,ESP32_001,Kasoa
2026-08-29T22:04:52.221988,29.4,73.3,0,Dry,ESP32,ESP32_001,Kasoa
2026-08-29T22:04:57.291384,29.5,73.4,0,Dry,ESP32,ESP32_001,Kasoa
2026-08-29T22:05:02.230149,29.4,73.6,0,Dry,ESP32,ESP32_001,Kasoa
2026-08-29T22:05:07.229844,29.4,73.6,0,Dry,ESP32,ESP32_001,Kasoa
2026-08-29T22:05:12.231329,29.4,73.6,0,Dry,ESP32,ESP32_001,Kasoa
2026-08-29T22:05:17.279941,29.4,73.8,0,Dry,ESP32,ESP32_001,Kasoa
2026-08-29T22:05:22.277795,29.4,73.7,0,Dry,ESP32,ESP32_001,Kasoa
2026-08-29T22:05:27.223675,29.4,74.0,0,Dry,ESP32,ESP32_001,Kasoa
2026-08-29T22:05:32.271306,29.4,73.9,0,Dry,ESP32,ESP32_001,Kasoa
2026-08-29T22:05:37.268456,29.4,74.2,0,Dry,ESP32,ESP32_001,Kasoa
2026-08-29T22:05:42.265462,29.3,74.2,0,Dry,ESP32,ESP32_001,Kasoa
2026-08-29T22:05:47.230027,29.4,74.1,0,Dry,ESP32,ESP32_001,Kasoa
2026-08-29T22:05:52.260127,29.3,74.2,0,Dry,ESP32,ESP32_001,Kasoa
2026-08-29T22:05:57.228682,29.3,74.3,0,Dry,ESP32,ESP32_001,Kasoa
2026-08-29T22:06:02.223688,29.3,74.2,0,Dry,ESP32,ESP32_001,Kasoa
2026-08-29T22:06:07.291991,29.3,74.5,0,Dry,ESP32,ESP32_001,Kasoa
2026-08-29T22:06:12.288969,29.3,74.4,0,Dry,ESP32,ESP32_001,Kasoa
2026-08-29T22:06:17.294904,29.4,74.6,0,Dry,ESP32,ESP32_001,Kasoa
2026-08-29T22:06:22.224307,29.3,74.6,0,Dry,ESP32,ESP32_001,Kasoa
2026-08-29T22:06:27.259521,29.3,74.6,0,Dry,ESP32,ESP32_001,Kasoa
2026-08-29T22:06:32.280667,29.3,74.7,0,Dry,ESP32,ESP32_001,Kasoa
2026-08-29T22:06:37.273456,29.3,74.7,0,Dry,ESP32,ESP32_001,Kasoa
2026-08-29T22:06:42.271553,29.3,74.8,0,Dry,ESP32,ESP32_001,Kasoa
2026-08-29T22:06:47.310015,29.3,74.8,0,Dry,ESP32,ESP32_001,Kasoa
2026-08-29T22:06:52.225212,29.3,74.9,0,Dry,ESP32,ESP32_001,Kasoa
2026-08-29T22:06:57.264511,29.3,74.8,0,Dry,ESP32,ESP32_001,Kasoa
2026-08-29T22:07:02.226413,29.2,75.2,0,Dry,ESP32,ESP32_001,Kasoa
2026-08-29T22:07:07.300819,29.2,74.9,0,Dry,ESP32,ESP32_001,Kasoa
2026-08-29T22:07:12.298839,29.2,75.1,0,Dry,ESP32,ESP32_001,Kasoa
2026-08-29T22:07:17.295862,29.2,75.0,0,Dry,ESP32,ESP32_001,Kasoa
2026-08-29T22:07:22.293699,29.2,75.2,0,Dry,ESP32,ESP32_001,Kasoa
2026-08-29T22:07:27.280958,29.3,75.0,0,Dry,ESP32,ESP32_001,Kasoa
2026-08-29T22:07:32.224924,29.1,75.2,0,Dry,ESP32,ESP32_001,Kasoa
2026-08-29T22:07:37.286464,29.2,75.1,0,Dry,ESP32,ESP32_001,Kasoa
2026-08-29T22:07:42.283664,29.2,75.0,0,Dry,ESP32,ESP32_001,Kasoa
2026-08-29T22:07:47.281858,29.2,75.1,0,Dry,ESP32,ESP32_001,Kasoa
2026-08-29T22:07:52.279857,29.2,75.1,0,Dry,ESP32,ESP32_001,Kasoa
2026-08-29T22:07:57.275939,29.2,75.1,0,Dry,ESP32,ESP32_001,Kasoa
2026-08-29T22:08:02.224195,29.2,74.9,0,Dry,ESP32,ESP32_001,Kasoa
2026-08-29T22:08:07.271366,29.2,75.3,0,Dry,ESP32,ESP32_001,Kasoa
2026-08-29T22:08:12.231150,29.2,75.1,0,Dry,ESP32,ESP32_001,Kasoa
2026-08-29T22:08:17.268965,29.2,75.1,0,Dry,ESP32,ESP32_001,Kasoa
2026-08-29T22:08:22.264275,29.2,75.2,0,Dry,ESP32,ESP32_001,Kasoa
2026-08-29T22:08:27.264191,29.2,75.3,0,Dry,ESP32,ESP32_001,Kasoa
2026-08-29T22:08:32.281409,29.2,75.3,0,Dry,ESP32,ESP32_001,Kasoa
2026-08-29T22:08:37.236574,29.1,75.3,0,Dry,ESP32,ESP32_001,Kasoa
2026-08-29T22:08:42.231518,29.2,75.3,0,Dry,ESP32,ESP32_001,Kasoa
2026-08-29T22:08:47.230975,29.1,75.3,0,Dry,ESP32,ESP32_001,Kasoa
2026-08-29T22:08:52.292532,29.2,75.3,0,Dry,ESP32,ESP32_001,Kasoa
2026-08-29T22:08:57.237143,29.2,75.4,0,Dry,ESP32,ESP32_001,Kasoa
2026-08-29T22:09:02.235611,29.2,75.3,0,Dry,ESP32,ESP32_001,Kasoa
2026-08-29T22:09:07.291944,29.2,75.4,0,Dry,ESP32,ESP32_001,Kasoa
2026-08-29T22:09:12.233659,29.2,75.3,0,Dry,ESP32,ESP32_001,Kasoa
2026-08-29T22:09:17.281708,29.2,75.4,0,Dry,ESP32,ESP32_001,Kasoa
2026-08-29T22:09:22.235879,29.1,75.5,0,Dry,ESP32,ESP32_001,Kasoa
2026-08-29T22:09:27.276199,29.1,75.6,0,Dry,ESP32,ESP32_001,Kasoa
2026-08-29T22:09:32.274142,29.2,75.7,0,Dry,ESP32,ESP32_001,Kasoa
2026-08-29T22:09:37.270006,29.1,75.6,0,Dry,ESP32,ESP32_001,Kasoa
2026-08-29T22:09:42.309179,29.1,75.5,0,Dry,ESP32,ESP32_001,Kasoa
2026-08-29T22:09:47.245403,29.1,75.6,0,Dry,ESP32,ESP32_001,Kasoa
2026-08-29T22:09:52.306105,29.1,75.6,0,Dry,ESP32,ESP32_001,Kasoa
2026-08-29T22:09:57.239166,29.1,75.7,0,Dry,ESP32,ESP32_001,Kasoa
2026-08-29T22:10:02.300702,29.5,75.2,0,Dry,ESP32,ESP32_001,Kasoa
2026-08-29T22:10:07.299322,29.2,75.5,0,Dry,ESP32,ESP32_001,Kasoa
2026-08-29T22:10:12.294725,29.1,75.5,0,Dry,ESP32,ESP32_001,Kasoa
2026-08-29T22:10:17.293912,29.1,75.5,0,Dry,ESP32,ESP32_001,Kasoa
2026-08-29T22:10:22.239180,29.1,75.4,0,Dry,ESP32,ESP32_001,Kasoa
2026-08-29T22:10:27.288882,29.1,75.5,0,Dry,ESP32,ESP32_001,Kasoa
2026-08-29T22:10:32.237865,29.1,75.5,0,Dry,ESP32,ESP32_001,Kasoa
2026-08-29T22:10:37.284353,29.1,75.4,0,Dry,ESP32,ESP32_001,Kasoa
2026-08-29T22:10:42.282658,29.1,75.5,0,Dry,ESP32,ESP32_001,Kasoa
2026-08-29T22:10:47.239970,29.1,75.4,0,Dry,ESP32,ESP32_001,Kasoa
2026-08-29T22:10:52.241962,29.1,75.5,0,Dry,ESP32,ESP32_001,Kasoa
2026-08-29T22:10:57.246298,29.1,75.5,0,Dry,ESP32,ESP32_001,Kasoa
2026-08-29T22:11:02.313414,29.1,75.5,0,Dry,ESP32,ESP32_001,Kasoa
2026-08-29T22:11:07.242352,29.1,75.5,0,Dry,ESP32,ESP32_001,Kasoa
2026-08-29T22:11:12.247164,29.1,75.5,0,Dry,ESP32,ESP32_001,Kasoa
2026-08-29T22:11:17.308857,29.1,75.5,0,Dry,ESP32,ESP32_001,Kasoa
2026-08-29T22:11:22.302862,29.1,75.4,0,Dry,ESP32,ESP32_001,Kasoa
2026-08-29T22:11:27.331286,29.1,75.5,0,Dry,ESP32,ESP32_001,Kasoa
2026-08-29T22:11:32.299851,29.1,75.4,0,Dry,ESP32,ESP32_001,Kasoa
2026-08-29T22:11:37.298927,29.2,75.4,0,Dry,ESP32,ESP32_001,Kasoa
2026-08-29T22:11:42.295315,29.2,75.3,0,Dry,ESP32,ESP32_001,Kasoa
2026-08-29T22:11:47.292738,29.1,75.4,0,Dry,ESP32,ESP32_001,Kasoa
2026-08-29T22:11:52.290246,29.2,75.4,0,Dry,ESP32,ESP32_001,Kasoa
2026-08-29T22:11:57.288079,29.2,75.4,0,Dry,ESP32,ESP32_001,Kasoa
2026-08-29T22:12:02.247207,29.2,75.3,0,Dry,ESP32,ESP32_001,Kasoa
2026-08-29T22:12:07.267019,29.2,75.3,0,Dry,ESP32,ESP32_001,Kasoa
2026-08-29T22:12:12.321895,29.2,75.4,0,Dry,ESP32,ESP32_001,Kasoa
2026-08-29T22:12:17.319405,29.2,75.2,0,Dry,ESP32,ESP32_001,Kasoa
2026-08-29T22:12:22.254932,29.2,75.4,0,Dry,ESP32,ESP32_001,Kasoa
2026-08-29T22:12:27.248563,29.2,75.3,0,Dry,ESP32,ESP32_001,Kasoa
2026-08-29T22:12:32.312287,29.2,75.3,0,Dry,ESP32,ESP32_001,Kasoa
2026-08-29T22:12:37.310337,29.2,75.3,0,Dry,ESP32,ESP32_001,Kasoa
2026-08-29T22:12:42.307684,29.2,75.3,0,Dry,ESP32,ESP32_001,Kasoa
2026-08-29T22:12:47.305573,29.2,75.4,0,Dry,ESP32,ESP32_001,Kasoa
2026-08-29T22:12:52.303324,29.3,75.0,0,Dry,ESP32,ESP32_001,Kasoa
2026-08-29T22:12:57.415176,29.2,74.9,0,Dry,ESP32,ESP32_001,Kasoa
2026-08-29T22:13:02.245012,29.3,75.1,0,Dry,ESP32,ESP32_001,Kasoa
2026-08-29T22:13:07.299390,29.2,75.2,0,Dry,ESP32,ESP32_001,Kasoa
2026-08-29T22:13:12.255519,29.2,75.1,0,Dry,ESP32,ESP32_001,Kasoa
2026-08-29T22:13:17.251830,29.2,75.1,0,Dry,ESP32,ESP32_001,Kasoa
2026-08-29T22:13:22.330072,29.2,75.1,0,Dry,ESP32,ESP32_001,Kasoa
2026-08-29T22:13:27.249100,29.2,75.1,0,Dry,ESP32,ESP32_001,Kasoa
2026-08-29T22:13:32.330559,29.2,75.2,0,Dry,ESP32,ESP32_001,Kasoa
2026-08-29T22:13:37.254398,29.2,75.3,0,Dry,ESP32,ESP32_001,Kasoa
2026-08-29T22:13:42.321265,29.2,75.1,0,Dry,ESP32,ESP32_001,Kasoa
2026-08-29T22:13:47.254077,29.2,75.0,0,Dry,ESP32,ESP32_001,Kasoa
2026-08-29T22:13:52.315826,29.2,75.2,0,Dry,ESP32,ESP32_001,Kasoa
2026-08-29T22:13:57.256086,29.2,75.3,0,Dry,ESP32,ESP32_001,Kasoa
2026-08-29T22:14:02.255772,29.2,75.1,0,Dry,ESP32,ESP32_001,Kasoa
2026-08-29T22:14:07.274220,29.2,75.1,0,Dry,ESP32,ESP32_001,Kasoa
2026-08-29T22:14:12.256693,29.2,75.1,0,Dry,ESP32,ESP32_001,Kasoa
2026-08-29T22:14:17.304207,29.2,75.1,0,Dry,ESP32,ESP32_001,Kasoa
2026-08-29T22:14:22.301818,29.2,75.1,0,Dry,ESP32,ESP32_001,Kasoa
2026-08-29T22:14:27.299532,29.2,75.1,0,Dry,ESP32,ESP32_001,Kasoa
2026-08-29T22:14:32.257851,29.2,75.0,0,Dry,ESP32,ESP32_001,Kasoa
2026-08-29T22:14:37.295665,29.2,75.1,0,Dry,ESP32,ESP32_001,Kasoa
2026-08-29T22:14:42.292445,29.2,75.1,0,Dry,ESP32,ESP32_001,Kasoa
2026-08-29T22:14:47.260809,29.2,75.1,0,Dry,ESP32,ESP32_001,Kasoa
2026-08-29T22:14:52.262505,29.2,75.1,0,Dry,ESP32,ESP32_001,Kasoa
2026-08-29T22:14:57.326322,29.2,75.1,0,Dry,ESP32,ESP32_001,Kasoa
2026-08-29T22:15:02.260820,29.2,75.0,0,Dry,ESP32,ESP32_001,Kasoa
2026-08-29T22:15:07.281912,29.3,74.9,0,Dry,ESP32,ESP32_001,Kasoa
2026-08-29T22:15:12.319063,29.2,75.1,0,Dry,ESP32,ESP32_001,Kasoa
2026-08-29T22:15:17.317006,29.2,75.0,0,Dry,ESP32,ESP32_001,Kasoa
2026-08-29T22:15:22.259269,29.2,75.0,0,Dry,ESP32,ESP32_001,Kasoa
2026-08-29T22:15:27.261129,29.2,75.1,0,Dry,ESP32,ESP32_001,Kasoa
2026-08-29T22:15:32.260345,29.2,75.0,0,Dry,ESP32,ESP32_001,Kasoa
2026-08-29T22:15:37.307677,29.2,75.1,0,Dry,ESP32,ESP32_001,Kasoa
2026-08-29T22:15:42.304363,29.2,75.0,0,Dry,ESP32,ESP32_001,Kasoa
2026-08-29T22:15:47.259801,29.2,75.0,0,Dry,ESP32,ESP32_001,Kasoa
2026-08-29T22:15:52.300445,29.2,75.0,0,Dry,ESP32,ESP32_001,Kasoa
2026-08-29T22:15:57.264206,29.2,75.1,0,Dry,ESP32,ESP32_001,Kasoa
2026-08-29T22:16:02.262927,29.2,75.0,0,Dry,ESP32,ESP32_001,Kasoa
2026-08-29T22:16:07.293642,29.2,75.1,0,Dry,ESP32,ESP32_001,Kasoa
2026-08-29T22:16:12.332005,29.1,75.0,0,Dry,ESP32,ESP32_001,Kasoa
2026-08-29T22:16:17.330435,29.3,74.8,0,Dry,ESP32,ESP32_001,Kasoa
2026-08-29T22:16:22.274647,29.6,74.7,0,Dry,ESP32,ESP32_001,Kasoa
2026-08-29T22:16:27.331940,29.2,75.0,0,Dry,ESP32,ESP32_001,Kasoa
2026-08-29T22:16:32.264584,29.2,74.9,0,Dry,ESP32,ESP32_001,Kasoa
2026-08-29T22:16:37.320477,29.2,75.0,0,Dry,ESP32,ESP32_001,Kasoa
2026-08-29T22:16:42.317946,29.2,74.9,0,Dry,ESP32,ESP32_001,Kasoa
2026-08-29T22:16:47.264668,29.3,74.9,0,Dry,ESP32,ESP32_001,Kasoa
2026-08-29T22:16:52.311986,29.2,74.9,0,Dry,ESP32,ESP32_001,Kasoa
2026-08-29T22:16:57.310952,29.2,74.9,0,Dry,ESP32,ESP32_001,Kasoa
2026-08-29T22:17:02.308629,29.2,75.0,0,Dry,ESP32,ESP32_001,Kasoa
2026-08-29T22:17:07.306250,29.3,74.8,0,Dry,ESP32,ESP32_001,Kasoa
2026-08-29T22:17:12.344944,29.2,75.1,0,Dry,ESP32,ESP32_001,Kasoa
2026-08-29T22:17:17.301440,29.3,74.8,0,Dry,ESP32,ESP32_001,Kasoa
2026-08-29T22:17:22.340916,29.2,74.9,0,Dry,ESP32,ESP32_001,Kasoa
2026-08-29T22:17:27.273777,29.2,75.0,0,Dry,ESP32,ESP32_001,Kasoa
2026-08-29T22:17:32.335384,29.3,74.8,0,Dry,ESP32,ESP32_001,Kasoa
2026-08-29T22:17:37.333394,29.3,74.7,0,Dry,ESP32,ESP32_001,Kasoa
2026-08-29T22:17:42.274103,29.3,74.8,0,Dry,ESP32,ESP32_001,Kasoa
2026-08-29T22:17:47.328395,29.3,74.8,0,Dry,ESP32,ESP32_001,Kasoa
2026-08-29T22:17:52.325931,29.3,74.8,0,Dry,ESP32,ESP32_001,Kasoa
2026-08-29T22:17:57.324646,29.3,74.7,0,Dry,ESP32,ESP32_001,Kasoa
2026-08-29T22:18:02.319980,29.2,74.8,0,Dry,ESP32,ESP32_001,Kasoa
2026-08-29T22:18:07.319409,29.3,74.8,0,Dry,ESP32,ESP32_001,Kasoa
2026-08-29T22:18:12.265556,29.3,74.8,0,Dry,ESP32,ESP32_001,Kasoa
2026-08-29T22:18:17.314442,29.3,74.8,0,Dry,ESP32,ESP32_001,Kasoa
2026-08-29T22:18:22.315238,29.3,74.6,0,Dry,ESP32,ESP32_001,Kasoa
2026-08-29T22:18:27.309664,29.3,74.7,0,Dry,ESP32,ESP32_001,Kasoa
2026-08-29T22:18:32.307162,29.3,74.6,0,Dry,ESP32,ESP32_001,Kasoa
2026-08-29T22:18:37.346453,29.3,74.7,0,Dry,ESP32,ESP32_001,Kasoa
2026-08-29T22:18:42.282370,29.3,74.6,0,Dry,ESP32,ESP32_001,Kasoa
2026-08-29T22:18:47.401076,29.3,74.6,0,Dry,ESP32,ESP32_001,Kasoa
2026-08-29T22:18:52.348600,29.3,74.6,0,Dry,ESP32,ESP32_001,Kasoa
2026-08-29T22:18:57.276231,29.2,74.9,0,Dry,ESP32,ESP32_001,Kasoa
2026-08-29T22:19:02.279261,29.3,74.7,0,Dry,ESP32,ESP32_001,Kasoa
2026-08-29T22:19:07.273205,29.3,74.6,0,Dry,ESP32,ESP32_001,Kasoa
2026-08-29T22:19:12.329854,29.3,74.8,0,Dry,ESP32,ESP32_001,Kasoa
2026-08-29T22:19:17.327602,29.3,74.8,0,Dry,ESP32,ESP32_001,Kasoa
2026-08-29T22:19:22.290003,29.2,74.8,0,Dry,ESP32,ESP32_001,Kasoa
2026-08-29T22:19:27.322551,29.3,74.6,0,Dry,ESP32,ESP32_001,Kasoa
2026-08-29T22:19:32.319040,29.3,74.6,0,Dry,ESP32,ESP32_001,Kasoa
2026-08-29T22:19:37.283597,29.2,74.9,0,Dry,ESP32,ESP32_001,Kasoa
2026-08-29T22:19:42.314036,29.3,74.7,0,Dry,ESP32,ESP32_001,Kasoa
2026-08-29T22:19:47.289261,29.3,74.7,0,Dry,ESP32,ESP32_001,Kasoa
2026-08-29T22:19:58.682081,29.3,70.7,0,Dry,ESP32,ESP32_001,Kasoa
2026-08-29T22:20:03.699111,29.3,74.5,0,Dry,ESP32,ESP32_001,Kasoa
2026-08-29T22:20:08.642112,29.4,74.6,0,Dry,ESP32,ESP32_001,Kasoa
2026-08-29T22:20:13.645845,29.2,74.7,0,Dry,ESP32,ESP32_001,Kasoa
2026-08-29T22:20:18.691364,29.5,74.2,0,Dry,ESP32,ESP32_001,Kasoa
2026-08-29T22:20:23.689484,29.3,75.2,0,Dry,ESP32,ESP32_001,Kasoa
2026-08-29T22:20:28.685607,29.3,75.0,0,Dry,ESP32,ESP32_001,Kasoa
2026-08-29T22:20:33.683893,29.5,73.9,0,Dry,ESP32,ESP32_001,Kasoa
2026-08-29T22:20:38.684021,29.3,74.0,0,Dry,ESP32,ESP32_001,Kasoa
2026-08-29T22:20:43.707344,29.4,74.2,0,Dry,ESP32,ESP32_001,Kasoa
2026-08-29T22:20:48.718718,29.6,73.9,0,Dry,ESP32,ESP32_001,Kasoa
2026-08-29T22:20:53.703881,29.6,73.8,0,Dry,ESP32,ESP32_001,Kasoa
2026-08-29T22:20:58.673599,29.5,73.7,0,Dry,ESP32,ESP32_001,Kasoa
2026-08-29T22:21:03.648127,29.4,74.6,0,Dry,ESP32,ESP32_001,Kasoa
2026-08-29T22:21:08.709287,29.6,74.3,0,Dry,ESP32,ESP32_001,Kasoa
2026-08-29T22:21:13.648881,29.6,73.7,0,Dry,ESP32,ESP32_001,Kasoa
2026-08-29T22:21:18.704574,29.4,74.4,0,Dry,ESP32,ESP32_001,Kasoa
2026-08-29T22:21:23.702639,29.5,73.6,0,Dry,ESP32,ESP32_001,Kasoa
2026-08-29T22:21:28.652008,29.5,73.7,0,Dry,ESP32,ESP32_001,Kasoa
2026-08-29T22:21:33.645261,29.6,73.6,0,Dry,ESP32,ESP32_001,Kasoa
2026-08-29T22:21:38.695906,29.6,74.2,0,Dry,ESP32,ESP32_001,Kasoa
2026-08-29T22:21:43.650603,29.7,74.1,0,Dry,ESP32,ESP32_001,Kasoa
2026-08-29T22:21:48.690700,29.7,73.4,0,Dry,ESP32,ESP32_001,Kasoa
2026-08-29T22:21:53.693068,29.6,73.5,0,Dry,ESP32,ESP32_001,Kasoa
2026-08-29T22:21:58.658042,29.7,73.2,0,Dry,ESP32,ESP32_001,Kasoa
2026-08-29T22:22:03.736162,29.7,73.6,0,Dry,ESP32,ESP32_001,Kasoa
2026-08-29T22:22:08.728478,29.6,74.2,0,Dry,ESP32,ESP32_001,Kasoa
2026-08-29T22:22:13.720310,29.6,73.6,0,Dry,ESP32,ESP32_001,Kasoa
2026-08-29T22:22:18.717536,29.9,73.2,0,Dry,ESP32,ESP32_001,Kasoa
2026-08-29T22:22:23.715345,29.7,73.9,0,Dry,ESP32,ESP32_001,Kasoa
2026-08-29T22:22:28.714862,29.6,73.8,0,Dry,ESP32,ESP32_001,Kasoa
2026-08-29T22:22:33.651914,29.8,73.4,0,Dry,ESP32,ESP32_001,Kasoa
2026-08-29T22:22:38.708570,29.6,73.0,0,Dry,ESP32,ESP32_001,Kasoa
2026-08-29T22:22:43.655806,29.8,72.8,0,Dry,ESP32,ESP32_001,Kasoa
2026-08-29T22:22:48.705326,29.7,73.1,0,Dry,ESP32,ESP32_001,Kasoa
2026-08-29T22:22:53.700570,29.9,72.8,0,Dry,ESP32,ESP32_001,Kasoa
2026-08-29T22:22:58.698809,29.7,64.2,0,Dry,ESP32,ESP32_001,Kasoa
2026-08-29T22:23:08.694096,29.6,67.7,0,Dry,ESP32,ESP32_001,Kasoa
2026-08-29T22:23:13.692024,29.7,66.4,0,Dry,ESP32,ESP32_001,Kasoa
2026-08-29T22:23:18.661736,29.7,71.7,0,Dry,ESP32,ESP32_001,Kasoa
2026-08-29T22:23:23.687216,29.9,72.9,0,Dry,ESP32,ESP32_001,Kasoa
2026-08-29T22:23:28.725921,29.7,72.5,0,Dry,ESP32,ESP32_001,Kasoa
2026-08-29T22:23:33.722446,29.9,72.7,0,Dry,ESP32,ESP32_001,Kasoa
2026-08-29T22:23:38.721091,29.7,72.8,0,Dry,ESP32,ESP32_001,Kasoa
2026-08-29T22:23:43.718972,29.8,72.7,0,Dry,ESP32,ESP32_001,Kasoa
2026-08-29T22:23:48.659036,29.7,72.8,0,Dry,ESP32,ESP32_001,Kasoa
2026-08-29T22:23:53.657359,29.7,73.6,0,Dry,ESP32,ESP32_001,Kasoa
2026-08-29T22:23:58.711435,29.7,73.5,0,Dry,ESP32,ESP32_001,Kasoa
2026-08-29T22:24:03.657017,29.6,73.6,0,Dry,ESP32,ESP32_001,Kasoa
2026-08-29T22:24:08.706658,29.6,73.1,0,Dry,ESP32,ESP32_001,Kasoa
2026-08-29T22:24:13.703864,29.5,72.6,0,Dry,ESP32,ESP32_001,Kasoa
2026-08-29T22:24:18.655737,29.7,73.5,0,Dry,ESP32,ESP32_001,Kasoa
2026-08-29T22:24:23.698825,29.7,72.9,0,Dry,ESP32,ESP32_001,Kasoa
2026-08-29T22:24:28.696981,29.6,73.1,0,Dry,ESP32,ESP32_001,Kasoa
2026-08-29T22:24:33.656965,29.7,72.8,0,Dry,ESP32,ESP32_001,Kasoa
2026-08-29T22:24:38.658464,29.7,73.1,0,Dry,ESP32,ESP32_001,Kasoa
2026-08-29T22:24:43.730305,29.6,72.9,0,Dry,ESP32,ESP32_001,Kasoa
2026-08-29T22:24:48.663860,29.6,73.5,0,Dry,ESP32,ESP32_001,Kasoa
2026-08-29T22:24:53.654408,29.6,73.1,0,Dry,ESP32,ESP32_001,Kasoa
2026-08-29T22:24:58.722486,29.6,72.9,0,Dry,ESP32,ESP32_001,Kasoa
2026-08-29T22:25:03.719488,29.7,73.6,0,Dry,ESP32,ESP32_001,Kasoa
2026-08-29T22:25:08.716930,29.7,73.2,0,Dry,ESP32,ESP32_001,Kasoa
2026-08-29T22:25:13.715082,29.5,73.2,0,Dry,ESP32,ESP32_001,Kasoa
2026-08-29T22:25:18.662200,29.6,73.9,0,Dry,ESP32,ESP32_001,Kasoa
2026-08-29T22:25:23.662104,29.6,73.8,0,Dry,ESP32,ESP32_001,Kasoa
2026-08-29T22:25:28.707440,29.6,73.6,0,Dry,ESP32,ESP32_001,Kasoa
2026-08-29T22:25:33.704891,29.6,73.4,0,Dry,ESP32,ESP32_001,Kasoa
2026-08-29T22:25:38.711560,29.6,73.3,0,Dry,ESP32,ESP32_001,Kasoa
2026-08-29T22:25:43.664122,29.5,73.7,0,Dry,ESP32,ESP32_001,Kasoa
2026-08-29T22:25:48.696001,29.4,73.3,0,Dry,ESP32,ESP32_001,Kasoa
2026-08-29T22:25:53.664085,29.4,73.4,0,Dry,ESP32,ESP32_001,Kasoa
2026-08-29T22:25:58.733306,29.7,73.5,0,Dry,ESP32,ESP32_001,Kasoa
2026-08-29T22:26:03.731924,29.6,73.9,0,Dry,ESP32,ESP32_001,Kasoa
2026-08-29T22:26:08.728994,29.5,73.5,0,Dry,ESP32,ESP32_001,Kasoa
2026-08-29T22:26:13.726202,29.6,73.5,0,Dry,ESP32,ESP32_001,Kasoa
2026-08-29T22:26:18.724412,29.6,73.3,0,Dry,ESP32,ESP32_001,Kasoa
2026-08-29T22:26:23.733929,29.6,73.6,0,Dry,ESP32,ESP32_001,Kasoa
2026-08-29T22:26:28.717456,29.4,73.8,0,Dry,ESP32,ESP32_001,Kasoa
2026-08-29T22:26:33.672338,29.6,73.8,0,Dry,ESP32,ESP32_001,Kasoa
2026-08-29T22:26:38.671331,29.6,74.3,0,Dry,ESP32,ESP32_001,Kasoa
2026-08-29T22:26:43.710655,29.5,73.7,0,Dry,ESP32,ESP32_001,Kasoa
2026-08-29T22:26:48.708276,29.7,73.6,0,Dry,ESP32,ESP32_001,Kasoa
2026-08-29T22:26:53.706125,29.4,73.7,0,Dry,ESP32,ESP32_001,Kasoa
2026-08-29T22:26:58.702296,29.6,73.6,0,Dry,ESP32,ESP32_001,Kasoa
2026-08-29T22:27:03.701849,29.6,73.6,0,Dry,ESP32,ESP32_001,Kasoa
2026-08-29T22:27:08.739162,29.6,74.3,0,Dry,ESP32,ESP32_001,Kasoa
2026-08-29T22:27:13.696797,29.4,74.4,0,Dry,ESP32,ESP32_001,Kasoa
2026-08-29T22:27:18.692808,29.4,74.5,0,Dry,ESP32,ESP32_001,Kasoa
2026-08-29T22:27:23.731742,29.6,73.5,0,Dry,ESP32,ESP32_001,Kasoa
2026-08-29T22:27:28.729099,29.6,74.2,0,Dry,ESP32,ESP32_001,Kasoa
2026-08-29T22:27:33.726618,29.6,74.2,0,Dry,ESP32,ESP32_001,Kasoa
2026-08-29T22:27:38.724202,29.4,73.7,0,Dry,ESP32,ESP32_001,Kasoa
2026-08-29T22:27:43.721827,29.8,73.6,0,Dry,ESP32,ESP32_001,Kasoa
2026-08-29T22:27:48.669968,29.7,73.6,0,Dry,ESP32,ESP32_001,Kasoa
